ms,CN0_dBHz
100,39.5592501619464
200,40.8279373579222
300,41.6899571112744
400,42.2367271039716
500,42.3978712504077
600,42.4723385121816
700,42.6005990767167
800,42.6453881635148
900,42.7453827522484
1000,42.7989266760819
1100,42.8360820517082
1200,42.8342698225511
1300,42.8794294645524
1400,42.8861378332989
1500,42.8917793602302
1600,42.8102117577908
1700,42.7138279440084
1800,42.6833867364787
1900,42.6921293220303
2000,42.6369981260286
2100,42.827099730315
2200,42.8112794917661
2300,42.7840781237496
2400,42.7384557947053
2500,42.7722565318626
2600,42.7852180960535
2700,42.7700465536248
2800,42.7643320967177
2900,42.6630678001651
3000,42.620954107832
3100,42.6426195938287
3200,42.5736183210547
3300,42.5148461920185
3400,42.4746870858887
3500,42.4572641415054
3600,42.4918646451788
3700,42.5633769122711
3800,42.5846637498962
3900,42.5756138797078
4000,42.6494809766577
4100,42.6858556242195
4200,42.7513628333668
4300,42.6955779018599
4400,42.6760091105509
4500,42.6633080262646
4600,42.6448019972933
4700,42.6829323043999
4800,42.7298526735511
4900,42.8111617794072
5000,42.8830800303212
5100,42.8271045376516
5200,42.9333741584058
5300,43.0112683353128
5400,43.0692507454654
5500,43.0824716398836
5600,43.1421962604529
5700,43.1707400067299
5800,43.2356021556625
5900,43.279614731327
6000,43.2951947815149
6100,43.3191298000124
6200,43.2614646556386
6300,43.3553253900573
6400,43.4023782931667
6500,43.4127251432957
6600,43.3867518016037
6700,43.3758421936811
6800,43.358222326163
6900,43.3641883774695
7000,43.3038923716185
7100,43.3610240716982
7200,43.3196239522243
7300,43.2384277394959
7400,43.2363559272783
7500,43.276389963086
7600,43.260345338468
7700,43.2190867241079
7800,43.2040426143302
7900,43.1868374629517
8000,43.1911826860946
8100,43.2478635913968
8200,43.3349049670645
8300,43.3084510434996
8400,43.2781958372487
8500,43.2862908319183
8600,43.3184370288883
8700,43.3092239631328
8800,43.358938245897
8900,43.4297474447346
9000,43.5062175858509
9100,43.5189639471565
9200,43.6157025089875
9300,43.6427332312637
9400,43.6197473350615
9500,43.5961858033897
9600,43.5693666262249
9700,43.6077168232077
9800,43.6015212624383
9900,43.6111151686868
10000,43.6440158100202
10100,43.6267383324768
10200,43.6083555756171
10300,43.5987521468013
10400,43.6237062359883
10500,43.6196452248286
10600,43.6189905370444
10700,43.6268221881102
10800,43.5220011808613
10900,43.4327810337337
11000,43.3988809283979
11100,43.3610926054009
11200,43.2831219021687
11300,43.1947093711004
11400,43.1621407498242
11500,43.1505234154105
11600,43.1373479685744
11700,43.0850733567544
11800,43.057695245644
11900,43.0436549745454
12000,43.0117085215575
12100,42.9447764491885
12200,42.9086123970936
12300,42.9048842746129
12400,42.8710324038413
12500,42.8573098143955
12600,42.8115674257289
12700,42.7920790453565
12800,42.8263325604651
12900,42.8796360152294
13000,42.8941687125818
13100,42.9095351725407
13200,42.9683519566317
13300,43.100308264524
13400,43.166044807276
13500,43.1847119327215
13600,43.2089015968509
13700,43.2594451339762
13800,43.2974491966358
13900,43.2807016002367
14000,43.2613803162315
14100,43.3007894732777
14200,43.3205748089544
14300,43.3276668212435
14400,43.3331393352622
14500,43.333248229651
14600,43.4025783981122
14700,43.4163594613901
14800,43.4392987167033
14900,43.4281564503604
15000,43.4542623817213
15100,43.4507357836936
15200,43.3957313324344
15300,43.4073134809724
15400,43.411854536184
15500,43.3839424373536
15600,43.3713187294848
15700,43.2878094532272
15800,43.2381740037079
15900,43.1895061033761
16000,43.1682428431129
16100,43.1491783239583
16200,43.0644089214315
16300,43.0439101010377
16400,43.0418180441202
16500,43.0342075331847
16600,43.0426947164247
16700,43.0309770397634
16800,42.972329341317
16900,42.8994367324906
17000,42.8693477802864
17100,42.8594991992208
17200,42.8249481207582
17300,42.7768436283021
17400,42.7360812421336
17500,42.735720240082
17600,42.7269495143049
17700,42.7948576751545
17800,42.8155643688402
17900,42.8469097956175
18000,42.8306306566996
18100,42.8281726604872
18200,42.9073527629551
18300,42.9250222566026
18400,42.8806985269863
18500,42.8348206726591
18600,42.8287979622339
18700,42.8725312481279
18800,42.9052756512887
18900,42.9251028044343
19000,42.8955001622517
19100,42.8298588261965
19200,42.8974763096673
19300,42.9244124043146
19400,42.9037764362065
19500,42.8989527437775
19600,42.9195039251997
19700,42.8938590681748
19800,42.9120303804754
19900,42.9086389455057
20000,42.9070257189711
20100,42.8927640289553
20200,42.9195980569811
20300,42.9057593418861
20400,42.9728955077947
20500,42.9916538605954
20600,43.0241326003404
20700,42.9705174331625
20800,42.9388827788542
20900,42.9622127971604
21000,43.0182199884453
21100,43.0583595444434
21200,43.0240196088289
21300,43.0364795787018
21400,43.0262742792491
21500,43.0221225478997
21600,42.9986420774256
21700,42.9481685692777
21800,42.8907912573655
21900,42.8895595309343
22000,42.9019382168803
22100,42.8534347030786
22200,42.7491506507125
22300,42.7513865943736
22400,42.7545398425005
22500,42.7671598646076
22600,42.7560404998446
22700,42.7691044296947
22800,42.8176354911363
22900,42.845702395709
23000,42.8598702938612
23100,42.8976151229073
23200,42.9110477488147
23300,42.8410665881474
23400,42.9039608455415
23500,42.9676168863217
23600,43.003251370902
23700,43.1106430729872
23800,43.1560334049922
23900,43.1964041099487
24000,43.2254498275608
24100,43.3183471778133
24200,43.4516282839806
24300,43.5063864891231
24400,43.5484453623669
24500,43.6061965012372
24600,43.6370334575389
24700,43.6356242887595
24800,43.6384071165806
24900,43.6648700482551
25000,43.5825077035069
25100,43.5192107035829
25200,43.5128037775273
25300,43.6024364599208
25400,43.5888505243554
25500,43.5720672801315
25600,43.5930538370115
25700,43.5172939602361
25800,43.4984533674914
25900,43.5084210102283
26000,43.5637732676032
26100,43.5288336108234
26200,43.4607713811754
26300,43.4001573169485
26400,43.3392751023834
26500,43.3289750403091
26600,43.3203173682289
26700,43.3554920105047
26800,43.3341792527774
26900,43.3561713135387
27000,43.3939928670484
27100,43.3761761502775
27200,43.3443720611015
27300,43.2777202445137
27400,43.3061663679957
27500,43.30147292297
27600,43.2656416075307
27700,43.3232018431773
27800,43.3742055816051
27900,43.3681286922147
28000,43.3332420007435
28100,43.3747092482444
28200,43.4409092096433
28300,43.4649634613614
28400,43.4911527783696
28500,43.4934959076952
28600,43.4843965440863
28700,43.4487807462145
28800,43.4757860379095
28900,43.4367049417074
29000,43.4636786735624
29100,43.5552527146459
29200,43.5837925384378
29300,43.6967432722796
29400,43.6486111190478
29500,43.6250727385815
29600,43.6374311610898
29700,43.6082618967948
29800,43.5554045913083
29900,43.5409513747273
30000,43.5402668609659
30100,43.5496135394898
30200,43.5442479307201
30300,43.512372383651
30400,43.5012427934476
30500,43.4582653247451
30600,43.4358211286533
30700,43.3777437199254
30800,43.3325294264269
30900,43.34718063988
31000,43.3166604828689
31100,43.2472085281781
31200,43.1996489225779
31300,43.1149049217062
31400,43.1398753923014
31500,43.1453562929519
31600,43.1913658886141
31700,43.2274062579856
31800,43.2373188963661
31900,43.185567932209
32000,43.1549965932589
32100,43.1647350030025
32200,43.1684486940646
32300,43.2361929336097
32400,43.2418017810262
32500,43.26519878258
32600,43.2520360388935
32700,43.331316133811
32800,43.3388486143643
32900,43.3609921870677
33000,43.3708475100186
33100,43.4901745241668
33200,43.5786168632801
33300,43.6181021847147
33400,43.5973244719904
33500,43.6279629322664
33600,43.5502647760741
33700,43.5492012577971
33800,43.5349588102024
33900,43.6165899356638
34000,43.6146020582869
34100,43.545677229754
34200,43.5409069966851
34300,43.4493299027264
34400,43.4817293903329
34500,43.4689707886498
34600,43.4531422206633
34700,43.4219085577545
34800,43.4469986329552
34900,43.3943432306897
35000,43.3535415691498
35100,43.3037716973578
35200,43.3250018579054
35300,43.3286142139351
35400,43.4014860214436
35500,43.4256436921744
35600,43.4629092315554
35700,43.4424725486773
35800,43.4747441802284
35900,43.4856062615566
36000,43.4518097858804
36100,43.4998890127193
36200,43.5087795021844
36300,43.5978250803085
36400,43.5612969191424
36500,43.50397891748
36600,43.596275667924
36700,43.6596231832408
36800,43.5877498544451
36900,43.4674462199023
37000,43.4649980416253
37100,43.4437606198636
37200,43.3928978286338
37300,43.4134016998668
37400,43.3671020109055
37500,43.3075145109427
37600,43.3228651464698
37700,43.3365046374915
37800,43.3464110236266
37900,43.3788275519009
38000,43.4905542959102
38100,43.5352445872267
38200,43.4959098509588
38300,43.4739648367627
38400,43.4804463063491
38500,43.5642390381554
38600,43.5163445790087
38700,43.4811583850719
38800,43.5406798714614
38900,43.624252269177
39000,43.645869695832
39100,43.6781642085294
39200,43.6746543993608
39300,43.6529656276307
39400,43.6169502758819
39500,43.6683840425916
39600,43.6956342236281
39700,43.6478164351606
39800,43.6427596148969
39900,43.590944715583
40000,43.5436908811329
40100,43.4914193835453
40200,43.5181264560766
40300,43.4622696979606
40400,43.4854275904674
40500,43.5134659312904
40600,43.4875784426954
40700,43.4746528112293
40800,43.4900336073025
40900,43.5538278890861
41000,43.5068860675356
41100,43.4682004871634
41200,43.4427125529142
41300,43.3851372942169
41400,43.4257540134452
41500,43.3470362323102
41600,43.2791579887592
41700,43.2906888249312
41800,43.2255825684267
41900,43.2513521654758
42000,43.2252660649614
42100,43.2053787782619
42200,43.103070486735
42300,43.1109167667478
42400,43.0565709469376
42500,42.960733654621
42600,42.9202498653245
42700,42.8920814460275
42800,42.834975210852
42900,42.8165868249575
43000,42.8175318765312
43100,42.7809824135042
43200,42.7268378572568
43300,42.7471642810876
43400,42.7188049103893
43500,42.6886766404264
43600,42.6593546854141
43700,42.6110112722246
43800,42.6387781820898
43900,42.5828168613459
44000,42.600924835981
44100,42.5191672913664
44200,42.5755513941697
44300,42.6148527756623
44400,42.6427777089593
44500,42.6959263566507
44600,42.7343398394943
44700,42.7767696046311
44800,42.8410336006217
44900,42.838720014718
45000,42.8201241437467
45100,42.7923414162217
45200,42.8151901681361
45300,42.8283090819197
45400,42.8386802164609
45500,42.8895216141444
45600,42.9424838005466
45700,43.0021299138536
45800,42.9786683108177
45900,43.0282280310303
46000,43.0121189638006
46100,43.0948502901034
46200,43.1111058834722
46300,43.0656047132202
46400,43.1082599703489
46500,43.1123170344373
46600,43.1090739742705
46700,43.0660363464413
46800,43.0403401103298
46900,43.0537983454419
47000,43.0936544424992
47100,43.168244762864
47200,43.2081713928261
47300,43.1847137279013
47400,43.1876903720472
47500,43.219871627687
47600,43.228926790622
47700,43.1950624562912
47800,43.2522059620856
47900,43.1913942555219
48000,43.2290696772584
48100,43.1935004654953
48200,43.1653836468048
48300,43.1655277094204
48400,43.1026154534759
48500,43.0084178066322
48600,42.9716003126076
48700,43.0359434399012
48800,43.033751909068
48900,42.9877852823177
49000,43.0183941459004
49100,42.9744175333405
49200,42.948394079039
49300,42.9291620436493
49400,42.9110981243476
49500,42.90764378508
49600,42.8044631234225
49700,42.7703864231602
49800,42.6899305424018
49900,42.6950808787314
50000,42.6271847032664
50100,42.6619917455652
50200,42.6673137772478
50300,42.6793560836024
50400,42.6976915957107
50500,42.7679972605935
50600,42.7548079016254
50700,42.717001785178
50800,42.7094548549524
50900,42.7258728276423
51000,42.6513380607174
51100,42.649882103315
51200,42.6417187259227
51300,42.6238293429376
51400,42.6146351952736
51500,42.5536199251249
51600,42.6046050484722
51700,42.6717372644194
51800,42.731560347387
51900,42.7264166218626
52000,42.7431529570069
52100,42.7512686425298
52200,42.7783573080706
52300,42.8196863334803
52400,42.8367469383862
52500,42.850951704207
52600,42.9513220025362
52700,42.9656394318564
52800,42.9919289989774
52900,43.0638293268869
53000,43.122820653867
53100,43.2074794007801
53200,43.2785080727958
53300,43.4623553846476
53400,43.6551387110001
53500,43.7903777557754
53600,43.8192612755676
53700,43.8350006689043
53800,43.817097660981
53900,43.86817060048
54000,43.8768033605052
54100,43.9057269701982
54200,43.8716350937757
54300,43.8400903189897
54400,43.8138076901483
54500,43.8166998346576
54600,43.7947059114988
54700,43.7429459810942
54800,43.6871456495864
54900,43.6407548753839
55000,43.6414106342088
55100,43.5099555810638
55200,43.4327036570838
55300,43.2975358668223
55400,43.2400824233854
55500,43.1856162269882
55600,43.1511258344686
55700,43.1036101119188
55800,43.1123182301602
55900,43.0324588118439
56000,43.0224757274855
56100,42.8838649160075
56200,42.8602183116191
56300,42.8240927377554
56400,42.7970968637021
56500,42.7828125188219
56600,42.7532828124027
56700,42.7499725884095
56800,42.7739501270702
56900,42.8083181173319
57000,42.824000868994
57100,42.876723507824
57200,42.9157060592226
57300,42.9667890913459
57400,42.9616574338859
57500,42.9508209794659
57600,42.9053537057295
57700,42.9280791194136
57800,42.9634194226003
57900,42.9922315743776
58000,42.9031762158281
58100,42.8918521323469
58200,42.9228916951436
58300,42.9503678325251
58400,42.8956570036717
58500,42.8260128756308
58600,42.8824149987162
58700,42.9001622102592
58800,42.8936775059678
58900,42.8313138382292
59000,42.8330508754139
59100,42.9039750970951
59200,42.9259015742026
59300,42.953515576532
59400,42.9717095351655
59500,43.0101731476412
59600,43.1133459539293
59700,43.1131113569642
59800,43.126346686386
59900,43.1523007439449
60000,43.3268432149708
60100,43.5028342126281
60200,43.5251406809696
60300,43.5474360181575
60400,43.6816888168529
60500,43.8063508870692
60600,43.7493167591223
60700,43.7963305424736
60800,43.8557837332846
60900,43.9013701681421
61000,43.9386630534116
61100,43.9084022573186
61200,43.9276618775131
61300,43.9321013918067
61400,43.9327844962545
61500,43.9211038418761
61600,43.9384483618424
61700,43.9949253226423
61800,44.0013259753641
61900,43.9590898760918
62000,43.8906413982769
62100,43.8251535634563
62200,43.8185833735353
62300,43.8550962685314
62400,43.8328716054249
62500,43.8602515142216
62600,43.8480739278314
62700,43.8329695132192
62800,43.7601420689249
62900,43.7079281728024
63000,43.6764960740624
63100,43.5968608716898
63200,43.5654693303851
63300,43.5784169694921
63400,43.549749310602
63500,43.5564004286625
63600,43.4620755687155
63700,43.4227368685662
63800,43.4141743008891
63900,43.4816986167716
64000,43.5345036251998
64100,43.5510171706524
64200,43.552436963935
64300,43.5250471665798
64400,43.4615489592873
64500,43.3485932614532
64600,43.268829180919
64700,43.2012692546006
64800,43.0940873111211
64900,43.0666968358832
65000,42.9566536893812
65100,42.9785337113092
65200,42.935567507241
65300,42.9659750335913
65400,42.9989027500223
65500,42.9739443414473
65600,42.992981837887
65700,42.9551961725514
65800,42.9042899042512
65900,42.7772255523717
66000,42.6351271689247
66100,42.5429392489507
66200,42.4769034159011
66300,42.4536505946726
66400,42.4468299364406
66500,42.4574958386994
66600,42.5463005790179
66700,42.5335408013631
66800,42.6061208466164
66900,42.6497083567529
67000,42.6951872706027
67100,42.6667279325502
67200,42.6645620711974
67300,42.6323601540295
67400,42.6085148462764
67500,42.5995789330774
67600,42.6242037400439
67700,42.6674145225827
67800,42.7010437880406
67900,42.7339271792194
68000,42.7866651343969
68100,42.8635370238095
68200,42.9343581350816
68300,42.9854620532631
68400,43.0377148389692
68500,43.1099022799486
68600,43.0869684011706
68700,43.1792951445895
68800,43.2203481216395
68900,43.2648122469514
69000,43.3371198417351
69100,43.4325214223194
69200,43.5141882856429
69300,43.5500680255859
69400,43.5367108379215
69500,43.5292040168631
69600,43.5756747724278
69700,43.5715770332617
69800,43.5937499104555
69900,43.6479840913661
70000,43.6934611306198
70100,43.7350686718769
70200,43.7162669477608
70300,43.6130614325318
70400,43.6195187990448
70500,43.6204236783582
70600,43.5561171586103
70700,43.5501599997781
70800,43.5261009248757
70900,43.4862036443431
71000,43.4376409819037
71100,43.3698567601624
71200,43.298496530937
71300,43.2317695339952
71400,43.2735585371661
71500,43.317597348143
71600,43.2826642532633
71700,43.2436923265379
71800,43.2196652450681
71900,43.2016953102033
72000,43.175685430341
72100,43.1646515092443
72200,43.1571574964536
72300,43.1916785274796
72400,43.1561676827058
72500,43.159728499313
72600,43.1270411919351
72700,43.0729838239953
72800,43.0573189084978
72900,43.080538248627
73000,43.0749579254977
73100,43.0777073353599
73200,43.1368497175843
73300,43.1467572182599
73400,43.1128072813593
73500,43.0678459031721
73600,43.1115307882342
73700,43.150482650349
73800,43.1931838699178
73900,43.2076526792085
74000,43.2829280814839
74100,43.315580832721
74200,43.3738769542458
74300,43.3607965314752
74400,43.3970017583081
74500,43.3824614461555
74600,43.5122480162056
74700,43.6031586617968
74800,43.7049188078484
74900,43.7108216717008
75000,43.735730111171
75100,43.7949954180218
75200,43.8080242365154
75300,43.8317638105793
75400,43.8502981897919
75500,43.9484285885975
75600,43.8788763608291
75700,43.9170153327778
75800,43.8988789400567
75900,43.9497409726174
76000,43.8780306176757
76100,43.8759181836655
76200,43.8113863243432
76300,43.8561885727879
76400,43.8144477252121
76500,43.7698937011951
76600,43.6583045394642
76700,43.5526723267647
76800,43.5093410824786
76900,43.4617719950322
77000,43.4449876637345
77100,43.4536315404794
77200,43.4548657396778
77300,43.4666532334642
77400,43.4385979772211
77500,43.4012598569981
77600,43.4213669571526
77700,43.3855918643854
77800,43.3627474566755
77900,43.2994774311546
78000,43.3555516802559
78100,43.3279352545874
78200,43.297001326707
78300,43.2771156571
78400,43.2269787912355
78500,43.232881756645
78600,43.2877348266108
78700,43.3036593799064
78800,43.2664925268414
78900,43.2856247953892
79000,43.3398396871222
79100,43.2576785276149
79200,43.2170096724254
79300,43.1687681488723
79400,43.1918112012769
79500,43.1505148157563
79600,43.1015660980867
79700,43.0856098616686
79800,43.0935756144979
79900,43.087923396062
80000,43.007484371874
80100,42.952332964784
80200,42.956558319549
80300,42.9515309904161
80400,42.9787486189842
80500,43.0242893882376
80600,43.021955510405
80700,43.0417870684265
80800,43.0943391347794
80900,43.1149923137486
81000,43.0922405518655
81100,43.1052558963755
81200,43.0604594711754
81300,43.0751644501915
81400,42.9840354288166
81500,43.021784174672
81600,42.9878078140668
81700,42.9515916722425
81800,42.8547872727473
81900,42.8337032038924
82000,42.8808615288861
82100,42.8966089457036
82200,42.888398753692
82300,42.9000235747277
82400,42.9615034251813
82500,42.9615968462641
82600,43.0290574222131
82700,43.085284742351
82800,43.0298059665748
82900,42.9938534648404
83000,43.045020102345
83100,43.1187641563484
83200,43.2105583388539
83300,43.2320043894289
83400,43.3016122953631
83500,43.2815427396675
83600,43.3075604711063
83700,43.3072844449332
83800,43.3792840556233
83900,43.3958455151853
84000,43.3802306652267
84100,43.4027300592365
84200,43.4700863924706
84300,43.4671682863895
84400,43.383379689631
84500,43.3476692238018
84600,43.2658030235117
84700,43.2319534596264
84800,43.2271393757522
84900,43.173363047141
85000,43.0553516774802
85100,42.9490971718186
85200,42.8904791799702
85300,42.8053209606125
85400,42.7958805291731
85500,42.7595574798534
85600,42.6917846529879
85700,42.6068729677588
85800,42.5379977983195
85900,42.5814919333529
86000,42.5480769234884
86100,42.5723599010609
86200,42.53922470348
86300,42.4581571198988
86400,42.4571255131225
86500,42.4464305922693
86600,42.493122125946
86700,42.4659931162597
86800,42.4166359076423
86900,42.4660755133121
87000,42.5095945499705
87100,42.5539228838485
87200,42.4745541934538
87300,42.4868003688957
87400,42.455783225523
87500,42.492415113012
87600,42.5207344326031
87700,42.6106983693352
87800,42.7053485962866
87900,42.7145167010099
88000,42.7180005705902
88100,42.6816179365764
88200,42.6846300965375
88300,42.755765953665
88400,42.7007486245814
88500,42.7282396225627
88600,42.7030154001017
88700,42.7301533177472
88800,42.8089759929151
88900,42.7524905303969
89000,42.6912170389599
89100,42.6727671098445
89200,42.699390097519
89300,42.7055487674136
89400,42.7887530640973
89500,42.7730409745048
89600,42.8479883131612
89700,42.8561460157953
89800,42.7618927254642
89900,42.6763351714989
90000,42.7268912364463
90100,42.7476805628174
90200,42.7519321878861
90300,42.7187838849641
90400,42.7790428247051
90500,42.776209289764
90600,42.78574961104
90700,42.6966520115217
90800,42.6316472800049
90900,42.6665526549216
91000,42.6928067150393
91100,42.6598729273313
91200,42.7146866427213
91300,42.7284050233676
91400,42.6260695642296
91500,42.6530215973624
91600,42.6359078945604
91700,42.5997116848993
91800,42.6487840330025
91900,42.6862762693039
92000,42.7100739975899
92100,42.698573530009
92200,42.6753131584318
92300,42.6675222290105
92400,42.6272616894899
92500,42.5769564318548
92600,42.5560190541995
92700,42.563200279521
92800,42.5499721401729
92900,42.5622249745145
93000,42.5641446471903
93100,42.5953031648454
93200,42.6036063400287
93300,42.5955142052888
93400,42.6262368785612
93500,42.5643042541705
93600,42.5170698603136
93700,42.5321057516823
93800,42.5038864149719
93900,42.5083690066997
94000,42.4537585044944
94100,42.4451154868986
94200,42.4373701313108
94300,42.4494947994846
94400,42.4863080928432
94500,42.5299166572157
94600,42.5221522454068
94700,42.5406424997867
94800,42.6323375764294
94900,42.6089345622003
95000,42.6593040690756
95100,42.7327738551769
95200,42.7245623099408
95300,42.7498409754136
95400,42.8002321045989
95500,42.8580504705531
95600,42.9160418777068
95700,42.9456643659448
95800,42.9920044480664
95900,43.0213236987541
96000,43.0535914195372
96100,43.0713328129353
96200,43.1302044008104
96300,43.1765300796909
96400,43.2037942424349
96500,43.191810838612
96600,43.231748713892
96700,43.3032611143761
96800,43.2689953103445
96900,43.2643217904307
97000,43.2095806060526
97100,43.1958262395588
97200,43.1812022186694
97300,43.1386644267482
97400,43.1054202843635
97500,43.0730409140798
97600,43.0832248861389
97700,43.0602912353704
97800,43.0127149212869
97900,42.9979366470931
98000,43.0271218772667
98100,43.0929914751778
98200,43.0911736413829
98300,43.1076670336705
98400,43.1167133128482
98500,43.0842454881912
98600,43.0732702240486
98700,43.0040952985313
98800,43.0014303602418
98900,42.9504463886194
99000,42.8524200327756
99100,42.7929695817411
99200,42.7898098732289
99300,42.8100971658521
99400,42.7907922718804
99500,42.7668641468818
99600,42.7453923795332
99700,42.7677246118837
99800,42.8336048602263
99900,42.8518672758749
100000,42.8107875669831
100100,42.7984040210875
100200,42.7403144691745
100300,42.7131104019804
100400,42.7380004905781
100500,42.8166450032977
100600,42.8056098881962
100700,42.8970740464786
100800,42.8978391709641
100900,42.9719031932879
101000,43.0444293537458
101100,43.0466555167199
101200,43.0750886201347
101300,43.0523488751874
101400,43.0194415562343
101500,42.9859724789273
101600,42.86538260411
101700,42.828041610653
101800,42.7594610910667
101900,42.635213749687
102000,42.5556688058283
102100,42.506679234689
102200,42.5155199403055
102300,42.4995586936611
102400,42.3526737949603
102500,42.2326861420715
102600,42.1515308358557
102700,42.0079130919224
102800,41.9695718049629
102900,41.8881465486502
103000,41.8788496348379
103100,41.7995207686402
103200,41.748006240926
103300,41.7494174672266
103400,41.767282950405
103500,41.7905312805251
103600,41.7730814114499
103700,41.7299649243472
103800,41.7226452248266
103900,41.7407678700171
104000,41.7676377410289
104100,41.7497826259111
104200,41.7233248293539
104300,41.6887980866912
104400,41.7269675874089
104500,41.7649221537628
104600,41.8390614150016
104700,41.853307459285
104800,41.8057628731004
104900,41.8528433352773
105000,41.8279147288665
105100,41.9015996937958
105200,41.8480269079616
105300,41.8332985303684
105400,41.8521320106415
105500,41.8125173684209
105600,41.8980304977044
105700,41.9366929955955
105800,41.9159397905059
105900,41.9447022635444
106000,41.9501118937908
106100,41.911416709178
106200,41.8854273422371
106300,41.8901398831426
106400,41.8956638331195
106500,41.8617937029652
106600,41.8086109907159
106700,41.8561121091768
106800,41.8954309105883
106900,41.9190500567724
107000,41.9439688786881
107100,41.9585024997437
107200,42.0679535826648
107300,42.1078972229373
107400,42.1203504376473
107500,42.2335437403737
107600,42.2520681761213
107700,42.2170156576899
107800,42.2662389083686
107900,42.3002215239928
108000,42.2997144401692
108100,42.3489179022833
108200,42.4415621838916
108300,42.4781188971882
108400,42.5147988247709
108500,42.6159022851694
108600,42.6970356479732
108700,42.755256073111
108800,42.8299584808658
108900,42.8710946057059
109000,42.9550195732919
109100,43.0016348680784
109200,43.0218883475357
109300,43.0162903950644
109400,43.0359673963868
109500,43.0039928510684
109600,42.9845002909971
109700,43.0521402866597
109800,43.0959588468533
109900,43.1467008561471
110000,43.192115528036
110100,43.2144059780811
110200,43.2185409736368
110300,43.2285344674425
110400,43.2289668222749
110500,43.1897639778083
110600,43.1866122362996
110700,43.2403511481766
110800,43.2543258969928
110900,43.2177395207534
111000,43.2350258009579
111100,43.2044515835182
111200,43.2228891602327
111300,43.3275183888369
111400,43.3161614693072
111500,43.3705425935562
111600,43.419518353214
111700,43.4106771655452
111800,43.4264571258533
111900,43.396441714408
112000,43.463158088177
112100,43.520823652641
112200,43.5320406398821
112300,43.5838666721745
112400,43.6456132851162
112500,43.7264880037839
112600,43.7535529575379
112700,43.6424163049156
112800,43.6741511078347
112900,43.7170313620039
113000,43.7270277303546
113100,43.7374681563892
113200,43.7233794879595
113300,43.6263194892609
113400,43.6011318336597
113500,43.5270253414669
113600,43.5141633644256
113700,43.5352770086815
113800,43.520916919518
113900,43.595299153527
114000,43.5487655578003
114100,43.5241365909633
114200,43.5248868402114
114300,43.4631055296326
114400,43.4300203393854
114500,43.3292440265822
114600,43.3018791623503
114700,43.3281900558236
114800,43.2813609969683
114900,43.2743934110442
115000,43.1721060531145
115100,43.1788375248854
115200,43.193115715534
115300,43.2223844432318
115400,43.2568801384328
115500,43.3022328704935
115600,43.3125053690686
115700,43.3402288368515
115800,43.3717282998841
115900,43.3694282830172
116000,43.4528964952622
116100,43.5265259777711
116200,43.5564363590933
116300,43.6060635154607
116400,43.625036140256
116500,43.7227282165911
116600,43.7981643892885
116700,43.9013005351692
116800,43.9562412927784
116900,43.9501415191624
117000,43.9752193253267
117100,44.0252339427761
117200,43.9924921816248
117300,43.9934187730422
117400,44.003547494114
117500,43.9959776872243
117600,44.017096033361
117700,43.9903703957668
117800,43.9917869908998
117900,43.9418943330973
118000,43.8972390597463
118100,43.7931430374772
118200,43.8014342960601
118300,43.7464167105199
118400,43.7390418031059
118500,43.7382555144984
118600,43.6975723688195
118700,43.6468450507531
118800,43.6649448213565
118900,43.6745619108118
119000,43.7452080635583
119100,43.7332936398944
119200,43.7224653297401
119300,43.7435451069888
119400,43.72926217502
119500,43.6238848674666
119600,43.5300677523613
119700,43.4266203056309
119800,43.3210029102497
119900,43.3014174608162
120000,43.2579426603054
120100,43.2767252032017
120200,43.1613527938324
120300,43.1695921251867
120400,43.1334992148208
120500,43.0935483107079
120600,43.1319213624871
120700,43.1675146894006
120800,43.0946723459441
120900,43.0994914299615
121000,43.1122146260515
121100,43.0859682512793
121200,43.1285602221024
121300,43.1403472131664
121400,43.1458247265452
121500,43.2015892137263
121600,43.2179765247872
121700,43.2992178087096
121800,43.3136949355384
121900,43.3073763477495
122000,43.3280053084664
122100,43.2856225407407
122200,43.3154077570518
122300,43.274993783407
122400,43.2920756809744
122500,43.365998428624
122600,43.3135348629451
122700,43.2567632143118
122800,43.3270005393082
122900,43.3752437688828
123000,43.3864690400127
123100,43.4586459855252
123200,43.4697141154047
123300,43.4482181246252
123400,43.4397418432191
123500,43.4708559375092
123600,43.5547541900669
123700,43.6237951740288
123800,43.7080589085034
123900,43.7668268983817
124000,43.8054589572891
124100,43.8943848785203
124200,43.9657459460552
124300,44.0941272158886
124400,44.1589489332903
124500,44.1450780923066
124600,44.2159513893509
124700,44.1896817394421
124800,44.1260003529477
124900,44.0918664712773
125000,44.0681456366732
125100,43.9973309051891
125200,43.8376199807725
125300,43.7592560430484
125400,43.7229096346693
125500,43.6532326306693
125600,43.5743691821299
125700,43.4769329106423
125800,43.4381324902754
125900,43.348331746537
126000,43.2633847817734
126100,43.1487281645582
126200,43.0293711408938
126300,42.9701364899617
126400,42.8594058945348
126500,42.7363472216491
126600,42.6223605732827
126700,42.606455165324
126800,42.6079120764753
126900,42.6005887448837
127000,42.5679322726923
127100,42.5646807711147
127200,42.6849533391348
127300,42.720741102237
127400,42.7440777377512
127500,42.7793613439934
127600,42.8051550874126
127700,42.8521764683367
127800,42.8889866090424
127900,42.9448053756703
128000,43.0061586379374
128100,43.018287858395
128200,43.1101579846229
128300,43.1005778705103
128400,43.1854490918992
128500,43.2901125640851
128600,43.347493837829
128700,43.3618587389502
128800,43.3739223843272
128900,43.3631408624449
129000,43.4198340797925
129100,43.4416573327283
129200,43.4079542310518
129300,43.429168846875
129400,43.4152395836304
129500,43.4076252898818
129600,43.4155592480798
129700,43.432970004486
129800,43.4423581598517
129900,43.4505558505386
130000,43.4696255889355
130100,43.5230224884836
130200,43.5465661159012
130300,43.5085676485281
130400,43.4958522133708
130500,43.4775367497845
130600,43.4833555032729
130700,43.4800258151282
130800,43.4791242109675
130900,43.4919813066926
131000,43.4715887102649
131100,43.3621400382805
131200,43.194097880156
131300,43.1608442650785
131400,43.141357336407
131500,43.1460711019825
131600,43.0981440999302
131700,43.1071710437481
131800,43.0878254615021
131900,43.0636849297459
132000,42.9969410385936
132100,42.9701710196867
132200,42.9575338411392
132300,42.9531909431164
132400,42.9363890684853
132500,42.8967022694274
132600,42.9220764482637
132700,42.9476164447234
132800,42.9750714137967
132900,42.9915029943255
133000,43.0068683014134
133100,43.0783430805648
133200,43.2123800453109
133300,43.2387608608475
133400,43.2557050202702
133500,43.2669819054574
133600,43.3079070907952
133700,43.2535176146531
133800,43.2458773418437
133900,43.2401089138849
134000,43.2486265068459
134100,43.3034758237803
134200,43.3032559529278
134300,43.3247139726681
134400,43.2990200165018
134500,43.3041672215535
134600,43.2069498668467
134700,43.1603294339884
134800,43.0636345504522
134900,43.0091277826794
135000,42.9423989567969
135100,42.8851129222127
135200,42.8648110497729
135300,42.8397288546045
135400,42.8193541287788
135500,42.8371244888344
135600,42.8418199694053
135700,42.8268452606399
135800,42.8118640660811
135900,42.8028012240296
136000,42.8168316176189
136100,42.6921000037639
136200,42.6656465112872
136300,42.664067735222
136400,42.623507349531
136500,42.6057603426949
136600,42.6356566928611
136700,42.5998125326882
136800,42.5696341569246
136900,42.5453341674108
137000,42.5337887041994
137100,42.5090975653637
137200,42.4126979732151
137300,42.3770730327104
137400,42.4004844853084
137500,42.3835180364604
137600,42.3532719370852
137700,42.3337246883977
137800,42.3144582746982
137900,42.2934929841034
138000,42.3067557305318
138100,42.3592355195131
138200,42.2985348951888
138300,42.3016224605246
138400,42.3209745196157
138500,42.3225253302384
138600,42.3090385519954
138700,42.2992578762276
138800,42.3102157459988
138900,42.332534948154
139000,42.308030925997
139100,42.3610056404613
139200,42.4687145225338
139300,42.4423569936165
139400,42.3963598155598
139500,42.3097731464867
139600,42.2872936268368
139700,42.2671606565149
139800,42.2644091727561
139900,42.2486071288325
140000,42.1764207241954
140100,42.223612788933
140200,42.1868535459364
140300,42.0642522082212
140400,42.0331484154803
140500,42.0373991598597
140600,42.018638567915
140700,42.0751433826906
140800,42.1067072587386
140900,42.1175262198127
141000,42.1715607419477
141100,42.1192011862587
141200,42.101480941357
141300,42.1413952889065
141400,42.2156727984323
141500,42.2790549111145
141600,42.2949514205635
141700,42.2716614234868
141800,42.2547375584582
141900,42.2511808900014
142000,42.2672463017837
142100,42.2489718808075
142200,42.2900463441016
142300,42.4386462673916
142400,42.5233966830242
142500,42.5348902938992
142600,42.5675460467817
142700,42.551723813469
142800,42.5507429303538
142900,42.5376695758447
143000,42.5004868698611
143100,42.5823976704935
143200,42.6060087910697
143300,42.569010250303
143400,42.4351193450707
143500,42.437031752483
143600,42.417617624995
143700,42.4728617676014
143800,42.5111082445513
143900,42.4827641386359
144000,42.4329349001109
144100,42.4457210689225
144200,42.4768265789681
144300,42.421775119601
144400,42.3634133254277
144500,42.3681254849941
144600,42.3617239780142
144700,42.3495578059906
144800,42.4058762579231
144900,42.4534966922029
145000,42.4657814704597
145100,42.4524459187096
145200,42.4306667975923
145300,42.5206871686885
145400,42.6168080247426
145500,42.6402218569634
145600,42.7492652318178
145700,42.7846692384296
145800,42.7814492990407
145900,42.8396380959454
146000,42.9921630688878
146100,42.9567639281621
146200,43.0319813785852
146300,43.1383608241885
146400,43.1862513484068
146500,43.1949862575477
146600,43.2532733282908
146700,43.2703841775805
146800,43.3001636580545
146900,43.331359601764
147000,43.3706760588713
147100,43.3440554225311
147200,43.4146714528295
147300,43.4480490075684
147400,43.4371264549992
147500,43.455277652151
147600,43.2671212940966
147700,43.2557862749536
147800,43.2554136359352
147900,43.3193514824152
148000,43.3040419815659
148100,43.3635267999016
148200,43.2935273844638
148300,43.2422292085035
148400,43.2796677696062
148500,43.3387907522354
148600,43.3054698096535
148700,43.3014486454749
148800,43.2542828852282
148900,43.1848358311808
149000,43.1437119265773
149100,43.1816762615755
149200,43.1257847276636
149300,43.0124867291635
149400,42.9872463076845
149500,42.9609815192182
149600,43.074710875479
149700,43.0804414089411
149800,43.0787555299458
149900,43.010671170213
150000,42.8908888378063
150100,42.8200769926466
150200,42.800922671626
150300,42.8335319272169
150400,42.7929431173384
150500,42.7691098477396
150600,42.7798833481009
150700,42.8393182227437
150800,42.8617349597248
150900,42.8658257733602
151000,42.8642955044002
151100,42.882012024831
151200,42.8874397469147
151300,42.9411497203362
151400,42.9872670649752
151500,42.9705081990375
151600,43.0231797410847
151700,43.0163043749077
151800,43.0601613725186
151900,43.0506738524901
152000,43.1388237385046
152100,43.2062232667222
152200,43.2691518268541
152300,43.2503092463
152400,43.2680052710056
152500,43.2289446101615
152600,43.2748743732119
152700,43.2930451040401
152800,43.2365910987183
152900,43.2493376634615
153000,43.3129115811342
153100,43.3222525945225
153200,43.3474020586068
153300,43.3928133809364
153400,43.4523846208187
153500,43.559851014184
153600,43.6126336555476
153700,43.694426468379
153800,43.7412424242886
153900,43.812265566493
154000,43.8873699823902
154100,43.8855373216286
154200,43.9194868827557
154300,43.9688992457415
154400,44.0248074942689
154500,44.0945289165056
154600,44.0521482704941
154700,44.0081998970431
154800,44.0352099764142
154900,44.0318555364452
155000,44.0050966046812
155100,44.0036332699156
155200,44.0415269454687
155300,44.0003839278031
155400,43.9745356164775
155500,43.9072603020807
155600,43.7807455225995
155700,43.6730212164768
155800,43.6378554874498
155900,43.625664549597
156000,43.5842693022946
156100,43.6541676494974
156200,43.57930709795
156300,43.4727274853962
156400,43.4148888268102
156500,43.3371505407559
156600,43.2895031223945
156700,43.3147293001112
156800,43.3440856667146
156900,43.3446367745656
157000,43.3456261955526
157100,43.2940366593037
157200,43.2285863345942
157300,43.2425100649512
157400,43.1414311597044
157500,43.0931704855887
157600,43.1275398636446
157700,43.1596191827853
157800,43.1360932009837
157900,43.0996370404497
158000,43.0709844153734
158100,42.9992722943116
158200,42.964170379475
158300,42.9816507274231
158400,42.9759493253772
158500,43.0265470322623
158600,43.0196317857709
158700,42.969205093661
158800,42.8901126103197
158900,42.8732680208719
159000,42.8622767538291
159100,42.8755345529162
159200,42.8825703217696
159300,42.8393642774826
159400,42.863864225158
159500,42.9027985234253
159600,42.9262810587309
159700,42.9206680317856
159800,42.8461406007487
159900,42.8710305073063
160000,42.891206369885
160100,42.9110259885656
160200,42.9660946849663
160300,42.983853602633
160400,42.9638912489447
160500,42.9864130555669
160600,43.0565120239752
160700,43.0811890779407
160800,43.1454034870964
160900,43.1555883452238
161000,43.1821579570824
161100,43.1981423136947
161200,43.1517294565764
161300,43.1314842118503
161400,43.1485717587831
161500,43.1290101444621
161600,43.0717056634331
161700,43.0357454932129
161800,43.0711247893226
161900,42.9599588233291
162000,42.9343497506284
162100,42.963956637083
162200,42.9698984367981
162300,42.9415539000872
162400,42.9854328570308
162500,42.9286745081295
162600,42.8511744535785
162700,42.8467734967402
162800,42.8482069240406
162900,42.8171655021683
163000,42.7972515276097
163100,42.7829747309268
163200,42.784661381951
163300,42.8169699454512
163400,42.7958789814953
163500,42.7844135268797
163600,42.772319892673
163700,42.7947353329977
163800,42.790036124643
163900,42.8574794188741
164000,42.8800738934391
164100,42.8077347034547
164200,42.7549174504056
164300,42.7754348700724
164400,42.757615789254
164500,42.6929078089001
164600,42.7237211499462
164700,42.6683109430689
164800,42.6556038446784
164900,42.6940395689833
165000,42.6699063915216
165100,42.6359863286912
165200,42.6968156070995
165300,42.660313537594
165400,42.6525469500241
165500,42.5806091818011
165600,42.5548419511417
165700,42.5218797954372
165800,42.5100820035844
165900,42.4836422063507
166000,42.4413747839741
166100,42.3886915129948
166200,42.3806583392452
166300,42.2959158570378
166400,42.220850843471
166500,42.2156946583339
166600,42.2322927472692
166700,42.2319565359081
166800,42.2118831417389
166900,42.1564651880258
167000,42.1182411059176
167100,42.1172735404824
167200,42.0238368977837
167300,42.0239066104015
167400,42.0252423402822
167500,42.0713600509488
167600,42.1000234397797
167700,42.1577806800134
167800,42.2024173769366
167900,42.1629721704111
168000,42.1614063444263
168100,42.2086422298745
168200,42.234754323519
168300,42.2674590376086
168400,42.3461380684093
168500,42.4076352270718
168600,42.4043619375658
168700,42.4720004505986
168800,42.4783402618254
168900,42.4957553874502
169000,42.5356813010932
169100,42.6035800667491
169200,42.7298276645014
169300,42.7630953568648
169400,42.7835163785338
169500,42.8300669102962
169600,42.7919784124375
169700,42.708770277814
169800,42.7278642637915
169900,42.7652645108652
170000,42.7996133090595
170100,42.8114815422185
170200,42.8285828533187
170300,42.8176159822786
170400,42.7777137003842
170500,42.7555640379762
170600,42.7452797231178
170700,42.7285546862096
170800,42.6759257267628
170900,42.6696808421053
171000,42.6405643281768
171100,42.5676867747023
171200,42.4887605560136
171300,42.4938054311867
171400,42.5167764206586
171500,42.3979666917952
171600,42.4246697598315
171700,42.4543400692595
171800,42.3869185249924
171900,42.3868949460792
172000,42.3880604432693
172100,42.345141511337
172200,42.2867957587503
172300,42.2865035290651
172400,42.2930812091885
172500,42.1817367815309
172600,42.1046690591471
172700,42.0222575743055
172800,42.0174518072798
172900,41.9729427095731
173000,41.9179306797912
173100,41.8641758269237
173200,41.8382308664541
173300,41.775849498279
173400,41.7085872855219
173500,41.700100070769
173600,41.6560420740191
173700,41.6571306257748
173800,41.6765837302207
173900,41.6242745687141
174000,41.5524317724394
174100,41.5151215749021
174200,41.5172278930127
174300,41.5422248019211
174400,41.5396261135366
174500,41.6344655153446
174600,41.6434537058464
174700,41.7112045326346
174800,41.7478971238164
174900,41.8523304598364
175000,41.9687002832733
175100,42.064739485735
175200,42.1018681390004
175300,42.1719863434206
175400,42.2282423803332
175500,42.2899095192546
175600,42.3423366697558
175700,42.2947425812509
175800,42.3053155151321
175900,42.3794702888145
176000,42.4764806014179
176100,42.576021643956
176200,42.6208243898282
176300,42.6456371056693
176400,42.6204871939646
176500,42.6483803582586
176600,42.6667760879831
176700,42.6397980188007
176800,42.6803264083067
176900,42.636448883347
177000,42.5948938614549
177100,42.597634732088
177200,42.6047927395952
177300,42.6140129343507
177400,42.6320747035534
177500,42.6727945133191
177600,42.6977276318141
177700,42.7550710227401
177800,42.6580214610083
177900,42.5972507653042
178000,42.5259514327458
178100,42.517464861846
178200,42.4956536336339
178300,42.4825555840585
178400,42.4358970718265
178500,42.3947654114877
178600,42.3834799741301
178700,42.39291125395
178800,42.3472367571813
178900,42.2526390606743
179000,42.2632019809661
179100,42.2381230248707
179200,42.2573497156806
179300,42.2802858946239
179400,42.2332678954777
179500,42.1765176124593
179600,42.1451692562004
179700,42.1348006732188
179800,42.2369642750445
179900,42.3402931156092
180000,42.3668358078313
180100,42.3454886589457
180200,42.3438099477301
180300,42.3784322191256
180400,42.4505341974177
180500,42.5322013744362
180600,42.5715650288353
180700,42.6335404133862
180800,42.742993377308
180900,42.9075899671762
181000,42.9362251510049
181100,42.9715941940994
181200,42.9661769968444
181300,42.9342510561257
181400,43.0225363406833
181500,43.0992343838316
181600,43.1866194004208
181700,43.2629385838202
181800,43.2253200950226
181900,43.1447982819749
182000,43.1788822768103
182100,43.1973910190862
182200,43.1935787744057
182300,43.1905128930767
182400,43.2597631172569
182500,43.2321260733444
182600,43.2515099504854
182700,43.2479868740296
182800,43.2060855766642
182900,43.1507167478151
183000,43.1416737763218
183100,43.1634045185077
183200,43.1612866028753
183300,43.1823075346214
183400,43.1936935078092
183500,43.2044534623799
183600,43.1740092526387
183700,43.1577177653368
183800,43.2212949574603
183900,43.3192285059705
184000,43.3783920345275
184100,43.4356900374856
184200,43.4934828652546
184300,43.5076258879919
184400,43.5640768722545
184500,43.6020795052431
184600,43.7098958991612
184700,43.7693901498947
184800,43.8323518775291
184900,43.8514917267659
185000,43.8913328766328
185100,43.9232157518899
185200,44.0001534698991
185300,44.0546610576016
185400,44.0747849170466
185500,44.1008057227739
185600,44.1590655036062
185700,44.20442412761
185800,44.1930456139192
185900,44.1833255750285
186000,44.1751047397847
186100,44.1776382604283
186200,44.1918411564304
186300,44.2097157514829
186400,44.1647333494731
186500,44.198626524772
186600,44.138528225987
186700,44.0638633536342
186800,44.011774968713
186900,44.0037192269351
187000,44.0157258942654
187100,43.8734040700886
187200,43.8498682908662
187300,43.848290883393
187400,43.8310696484471
187500,43.8596555090636
187600,43.8155154088293
187700,43.7872184370029
187800,43.839310085511
187900,43.808734629845
188000,43.8100332682632
188100,43.8247793382014
188200,43.8803078393822
188300,43.8217989025359
188400,43.8443181401972
188500,43.7785248683089
188600,43.7816475781577
188700,43.7743995891862
188800,43.7978515389133
188900,43.8444387298603
189000,43.819850673505
189100,43.926630305176
189200,43.8702207987465
189300,43.7058050104584
189400,43.6548704866225
189500,43.5329075839342
189600,43.5382963366621
189700,43.4635843388793
189800,43.3700098956728
189900,43.2748389352823
190000,43.2536194896752
190100,43.1848829228714
190200,43.1241939397597
190300,43.1017113429911
190400,43.0198977233025
190500,43.0084666575123
190600,42.9731214492927
190700,43.0118695806802
190800,42.9922632370865
190900,42.9454969377818
191000,42.9268393758093
191100,42.8924880782558
191200,42.979825483059
191300,43.0757911447963
191400,43.0622426341604
191500,43.1483219441797
191600,43.1099559155526
191700,43.0990910576719
191800,43.132490187338
191900,43.2512221906833
192000,43.2559132418761
192100,43.3062771795574
192200,43.3467407507318
192300,43.4599573060047
192400,43.5173950956611
192500,43.5075294841543
192600,43.5747228010187
192700,43.6061414604431
192800,43.6418449178957
192900,43.6641365243375
193000,43.706151324108
193100,43.7646576519489
193200,43.6989465057828
193300,43.7024684465668
193400,43.7168723659236
193500,43.7249740134186
193600,43.7740545154851
193700,43.8092321097959
193800,43.8019911960411
193900,43.7599325873863
194000,43.7102922893388
194100,43.6326982451806
194200,43.5474520232282
194300,43.4120850279797
194400,43.3606488208864
194500,43.4124375066146
194600,43.351170266349
194700,43.2524341181477
194800,43.2222043135771
194900,43.1775419396231
195000,43.1098168411918
195100,43.0085297906629
195200,42.9829350937698
195300,42.8966132288873
195400,42.864438489663
195500,42.8084522012255
195600,42.780021371616
195700,42.7396022237471
195800,42.7657721355666
195900,42.7418738610733
196000,42.74908197882
196100,42.7716031643413
196200,42.7744372212825
196300,42.8693428809613
196400,42.9016606522251
196500,42.8506990327439
196600,42.8498248907319
196700,42.8589435776256
196800,42.7873904326757
196900,42.8011203809388
197000,42.8358951890351
197100,42.8954856720332
197200,42.8722705101255
197300,42.8756344599616
197400,42.9135204906133
197500,42.9157923412329
197600,42.8846031818014
197700,42.9095949361722
197800,42.8917608802639
197900,42.9013164714642
198000,42.8775200438039
198100,42.8736107170345
198200,42.8385357518454
198300,42.756350479976
198400,42.7017669317435
198500,42.6842660065205
198600,42.6622546228788
198700,42.6627553159172
198800,42.6781026061676
198900,42.6684505796305
199000,42.6194572519139
199100,42.6094389580283
199200,42.6203872680413
199300,42.6820391099464
199400,42.7015798343697
199500,42.7247661689837
199600,42.7293920047974
199700,42.7201544709294
199800,42.7020433833968
199900,42.6924959422973
200000,42.6851811723037
200100,42.6365734231363
200200,42.7043706488666
200300,42.7324786812813
200400,42.7323255133691
200500,42.7999556448344
200600,42.8392934778331
200700,42.8629817994365
200800,42.915472845623
200900,42.9232647230193
201000,42.9614103261847
201100,42.9753336392287
201200,43.0017001157556
201300,43.0166450002648
201400,43.0054040482382
201500,43.0591190198818
201600,43.129038498154
201700,43.18998234733
201800,43.2330901512475
201900,43.3072225364686
202000,43.4144804632179
202100,43.5129546295795
202200,43.5438052764158
202300,43.6003431098347
202400,43.7047854774452
202500,43.6966694238415
202600,43.6835029213834
202700,43.6851628982371
202800,43.6684139329057
202900,43.659553807734
203000,43.6584449302134
203100,43.6382128832311
203200,43.6912666790472
203300,43.6914431467281
203400,43.6984590451423
203500,43.6001467356511
203600,43.5798803284178
203700,43.5685794471632
203800,43.5643513975563
203900,43.5184620398162
204000,43.4560927300554
204100,43.4637005328474
204200,43.5101396293336
204300,43.4831090145392
204400,43.4714227112336
204500,43.4835359979269
204600,43.5233398064336
204700,43.5265786456555
204800,43.5283916935433
204900,43.537228547999
205000,43.5287467394898
205100,43.5560147740117
205200,43.5503869655756
205300,43.5718801887441
205400,43.5287673223134
205500,43.5336976023391
205600,43.4656316846447
205700,43.4210079140187
205800,43.3517066030964
205900,43.2751483529124
206000,43.1864129602496
206100,43.0073751132674
206200,42.804846267384
206300,42.7101707062195
206400,42.6072363362701
206500,42.5164596881893
206600,42.4480084460212
206700,42.3686225953864
206800,42.3518829130555
206900,42.3552522383808
207000,42.3484068642163
207100,42.3741921037558
207200,42.3175456423868
207300,42.2614347450833
207400,42.2551949705754
207500,42.2543440310354
207600,42.2363459275044
207700,42.2178014710362
207800,42.212391688044
207900,42.2616540208604
208000,42.3057625366564
208100,42.4075627867799
208200,42.456431281676
208300,42.4889746534178
208400,42.5647861771913
208500,42.6422120780629
208600,42.6632147485723
208700,42.685356532441
208800,42.6390022675574
208900,42.5903774667865
209000,42.5778066211183
209100,42.4947953466723
209200,42.4960401213626
209300,42.5205641767766
209400,42.5439537730494
209500,42.5457884879363
209600,42.6091809386261
209700,42.6513879856664
209800,42.6995023096784
209900,42.6917526284988
210000,42.6799428836649
210100,42.7040892335571
210200,42.7200631074042
210300,42.665456804189
210400,42.6321663930303
210500,42.5213344198282
210600,42.5142248536326
210700,42.5075024955933
210800,42.5184534148443
210900,42.4925156508892
211000,42.4652328037123
211100,42.4763573424312
211200,42.4776122620009
211300,42.4587251414977
211400,42.4675663211955
211500,42.4724202256865
211600,42.4672472684364
211700,42.4683241976679
211800,42.4774125725977
211900,42.5309208670012
212000,42.5353527156823
212100,42.5398654193883
212200,42.5641195371642
212300,42.6881157000602
212400,42.6953910639544
212500,42.7819765168566
212600,42.7152725163632
212700,42.6817368854795
212800,42.6271967535774
212900,42.6011573592069
213000,42.6035167861423
213100,42.6047749847666
213200,42.5912274102566
213300,42.5709760750293
213400,42.5599237152755
213500,42.5246700945677
213600,42.5289482268158
213700,42.5344165079263
213800,42.5409927771087
213900,42.4885156692707
214000,42.4971641566109
214100,42.4830184378857
214200,42.4953262651082
214300,42.4637116576479
214400,42.4990814305674
214500,42.493305054481
214600,42.6004318280663
214700,42.6805184153829
214800,42.7728626156258
214900,42.9287747769244
215000,43.0274288424975
215100,43.0458569830523
215200,43.1162803581273
215300,43.1650899366775
215400,43.168101130712
215500,43.2304760796582
215600,43.2152311669488
215700,43.2180124763714
215800,43.1373616762783
215900,43.1788006078211
216000,43.2233936844275
216100,43.2679384178661
216200,43.304772010262
216300,43.3458905580471
216400,43.3160595436338
216500,43.3022147441601
216600,43.2373290782192
216700,43.2055057043882
216800,43.1890926812026
216900,43.1035587281676
217000,42.9535583714987
217100,42.9782394694684
217200,42.9821647458473
217300,42.9981759963927
217400,42.9971076059715
217500,43.0052741773235
217600,43.0073937246113
217700,42.9910570922802
217800,43.0338609715501
217900,43.0465201183463
218000,42.9978374998162
218100,42.9761311847762
218200,42.9783250516057
218300,42.928728220355
218400,42.9467800453978
218500,42.9927782332911
218600,43.0374828289991
218700,43.0498858766677
218800,43.0709229130774
218900,43.0989290627605
219000,43.2104090973206
219100,43.2320546824994
219200,43.1626246847191
219300,43.1796113460622
219400,43.1385718601817
219500,43.1482002516813
219600,43.1219104743771
219700,43.1006573932867
219800,43.1082611385923
219900,43.096846445982
220000,43.1469654206395
220100,43.1062126916941
220200,43.1085546281965
220300,43.0976748718104
220400,43.1186066453886
220500,43.0698399176868
220600,43.0946613312847
220700,43.1263047302056
220800,43.1129713337808
220900,43.1582004858753
221000,43.1888552705375
221100,43.153919998229
221200,43.2063637429633
221300,43.1654527942924
221400,43.1631811281538
221500,43.128601860275
221600,43.1025012183071
221700,43.1527241487905
221800,43.1777324395156
221900,43.1498007652417
222000,43.0921953863572
222100,43.083314060275
222200,43.0422200170853
222300,43.0226209627861
222400,42.9590518298873
222500,42.9515893315437
222600,42.898269107726
222700,42.8366727040964
222800,42.8603367551154
222900,42.8163307354715
223000,42.7252519037942
223100,42.6776797771061
223200,42.5748696716186
223300,42.5303446896048
223400,42.5481145377117
223500,42.5548793440488
223600,42.5406079862554
223700,42.5116498204267
223800,42.4709947320028
223900,42.4524288655151
224000,42.4412606633882
224100,42.469951318885
224200,42.463530880851
224300,42.522782841382
224400,42.5698214935799
224500,42.6225318079299
224600,42.6542524997489
224700,42.7089489321342
224800,42.6983459314669
224900,42.744227500094
225000,42.845348122413
225100,42.9256678064784
225200,43.0245168255844
225300,43.0838558673638
225400,43.1433408157216
225500,43.1480204905378
225600,43.232569078281
225700,43.2351533795429
225800,43.259303038297
225900,43.2978743747474
226000,43.3665590225463
226100,43.4021136463688
226200,43.4705822272067
226300,43.4621187306544
226400,43.5048625650127
226500,43.4826106159229
226600,43.5265160488593
226700,43.5374853441872
226800,43.4766754392187
226900,43.425070789416
227000,43.4211281514549
227100,43.4210860593632
227200,43.4258494704686
227300,43.4574528586409
227400,43.4663020304102
227500,43.5308993249956
227600,43.5637404753804
227700,43.58960798579
227800,43.6092198963241
227900,43.6591862926064
228000,43.6565883666396
228100,43.6438661896153
228200,43.6575136049669
228300,43.7069702778891
228400,43.6456016287921
228500,43.6085483940041
228600,43.5653547408174
228700,43.5419575598425
228800,43.6185809567119
228900,43.6478554560547
229000,43.646748058222
229100,43.6539064843481
229200,43.6807768821805
229300,43.608116282706
229400,43.5513768289987
229500,43.5449973357602
229600,43.5079717823704
229700,43.5046876398166
229800,43.499389513331
229900,43.4951706202055
230000,43.4599983832743
230100,43.4094779960053
230200,43.2799258388447
230300,43.1928465116204
230400,43.2260281829414
230500,43.2191528230999
230600,43.1735137866907
230700,43.1868967036228
230800,43.1675586730003
230900,43.1790646373097
231000,43.1592690071993
231100,43.0794332661498
231200,43.0621139153721
231300,43.1295265773961
231400,43.1461150388946
231500,43.0938117647504
231600,43.1070628853833
231700,43.0176421637711
231800,42.971763454846
231900,42.9543119530916
232000,42.9643212759504
232100,42.9918445253271
232200,43.0803498785992
232300,43.1265984459101
232400,43.0744245315646
232500,43.098595385385
232600,43.1204255183037
232700,43.1018040044215
232800,43.1039786319432
232900,43.061754853216
233000,43.0671452794258
233100,43.0755209066578
233200,43.0397157461959
233300,42.9953848262089
233400,42.9543100830639
233500,42.9172507975552
233600,42.8673060405816
233700,42.9486749053897
233800,42.9931709424534
233900,42.986542568772
234000,42.9784614786139
234100,42.958306196344
234200,42.9620935743632
234300,42.9753235004595
234400,43.0291700230522
234500,43.0505133744299
234600,43.0280954244083
234700,43.0205085315319
234800,43.0536241241641
234900,43.0365356968127
235000,43.0040320351382
235100,43.0409528310331
235200,43.0628327432067
235300,43.1251587458502
235400,43.1329329678266
235500,43.221497891168
235600,43.2906321125189
235700,43.3000944836826
235800,43.322735549362
235900,43.2914091244183
236000,43.2701953527093
236100,43.3215672730288
236200,43.2975144823055
236300,43.2760080430895
236400,43.1953504725071
236500,43.1625373140674
236600,43.1598391014483
236700,43.0968472513423
236800,43.0457742237711
236900,43.0280209913115
237000,43.0114374373469
237100,43.014013937776
237200,42.9439097166429
237300,42.8249298038162
237400,42.8378721769077
237500,42.7845019134375
237600,42.726251916663
237700,42.6945421047363
237800,42.5865024377995
237900,42.4866687154251
238000,42.4733595499113
238100,42.3988768100755
238200,42.3906662734398
238300,42.3349617984688
238400,42.3876645467672
238500,42.4070146290938
238600,42.4228613496289
238700,42.4844880697149
238800,42.494493207428
238900,42.4858962292956
239000,42.4768826487071
239100,42.5008942960309
239200,42.5764952022095
239300,42.6317567114394
239400,42.6693602674201
239500,42.6512128439526
239600,42.6039513291008
239700,42.580800564047
239800,42.6165143013256
239900,42.6741729590472
240000,42.6895884763467
240100,42.6860656278562
240200,42.6400672333121
240300,42.6624159777097
240400,42.6072448376638
240500,42.5669163777249
240600,42.4388833869531
240700,42.3851114609163
240800,42.3366675375196
240900,42.3564211340484
241000,42.3562641201524
241100,42.2689855710387
241200,42.2496810334134
241300,42.208317138275
241400,42.1648763646506
241500,42.2126522765707
241600,42.2171895517583
241700,42.2131659741231
241800,42.2440580611335
241900,42.2682135757019
242000,42.2264105598801
242100,42.2342950000873
242200,42.2317523203526
242300,42.2351885789998
242400,42.2323347881611
242500,42.2269915566062
242600,42.3058674951152
242700,42.3333548620274
242800,42.3497509059418
242900,42.3721508277025
243000,42.4232412457563
243100,42.4591354303166
243200,42.4722510975009
243300,42.5076854425742
243400,42.4861888266188
243500,42.4306920458789
243600,42.4813316669699
243700,42.4999862541372
243800,42.4868834806596
243900,42.4546037060324
244000,42.478783165311
244100,42.4879832578064
244200,42.5306468323759
244300,42.4791641308737
244400,42.4920987079326
244500,42.5154321565124
244600,42.5307297490282
244700,42.5403321330979
244800,42.558060902067
244900,42.5599124014648
245000,42.5160583014637
245100,42.4835669479205
245200,42.4645325363625
245300,42.500828439358
245400,42.5272822026691
245500,42.531832019954
245600,42.5364334199839
245700,42.5824742592071
245800,42.5857782153319
245900,42.611486562431
246000,42.6622575856796
246100,42.6858839657281
246200,42.6487860567172
246300,42.6986339556166
246400,42.6964730072355
246500,42.6723637956048
246600,42.637829501758
246700,42.5878676849546
246800,42.5877625636202
246900,42.4954204167299
247000,42.4844011860829
247100,42.4674051176005
247200,42.4835031981525
247300,42.4316164282528
247400,42.3744191138754
247500,42.3769344108623
247600,42.3337401198126
247700,42.3093282763416
247800,42.2775410177757
247900,42.2850456799884
248000,42.2355418738424
248100,42.2246900332513
248200,42.2663686194957
248300,42.2924854069058
248400,42.3483126885579
248500,42.3761861888909
248600,42.4181815479637
248700,42.4876488042541
248800,42.5200784776487
248900,42.5832359726522
249000,42.5819880523999
249100,42.6754186780602
249200,42.5872752104917
249300,42.583048528596
249400,42.6141223517582
249500,42.5971234319396
249600,42.6329764745647
249700,42.5472575187239
249800,42.5708399540966
249900,42.4923909960775
250000,42.5093471903297
250100,42.5524778509826
250200,42.4476557541732
250300,42.3501487647903
250400,42.2866886959403
250500,42.2593368359513
250600,42.2276605583353
250700,42.1448841549498
250800,42.0357217994301
250900,42.0242975486569
251000,41.9765580565035
251100,41.8514615904763
251200,41.8911317109255
251300,41.9022958257676
251400,41.8443063616772
251500,41.803433133479
251600,41.7522710064549
251700,41.7844322574983
251800,41.7442971721496
251900,41.7804022246125
252000,41.7421789623351
252100,41.6634508796799
252200,41.7182482066075
252300,41.768540325936
252400,41.7651519560214
252500,41.7809475407747
252600,41.8183487277397
252700,41.8808165616351
252800,41.9954184961085
252900,41.9987690363744
253000,42.0339129800076
253100,42.1697712446172
253200,42.2210596189899
253300,42.2581245841853
253400,42.3946891802564
253500,42.4765728246614
253600,42.5198514065122
253700,42.5767608386861
253800,42.533872578761
253900,42.5538001468314
254000,42.6113614691989
254100,42.6473139803538
254200,42.6593326014038
254300,42.6803314231897
254400,42.7244218125463
254500,42.7394695989835
254600,42.7780330725243
254700,42.7548507653669
254800,42.713197610943
254900,42.6956290590244
255000,42.7848118731667
255100,42.7649118792241
255200,42.7259171602293
255300,42.6779008036975
255400,42.6405962110556
255500,42.6195141931591
255600,42.6494883166313
255700,42.6194046998502
255800,42.6670592735647
255900,42.7055564962152
256000,42.7488706822205
256100,42.733604661796
256200,42.6800395623643
256300,42.5992162036495
256400,42.6063133209619
256500,42.6356107913149
256600,42.6185849495791
256700,42.6463793112275
256800,42.6650165241743
256900,42.7095306940203
257000,42.6834422538874
257100,42.6845634097533
257200,42.6999183142391
257300,42.711106065506
257400,42.7193027037335
257500,42.7468390279339
257600,42.7722626453333
257700,42.7942322171073
257800,42.8477800074409
257900,42.8167148176545
258000,42.7755290983345
258100,42.7672927203079
258200,42.7782762304039
258300,42.8834498429782
258400,42.8889025148305
258500,42.8634432493733
258600,42.8859401966252
258700,42.9032214898998
258800,42.8882449552577
258900,42.9056078060645
259000,42.8686823142679
259100,42.9017866844509
259200,42.8918208732971
259300,42.9158182918503
259400,42.8733849674008
259500,42.9024455348303
259600,42.8923926163212
259700,42.9162542906584
259800,42.9416907663306
259900,42.9628536275997
260000,43.0252709507374
260100,43.102342178201
260200,43.1611454743151
260300,43.1449591822707
260400,43.1617143171888
260500,43.1679460570294
260600,43.1505978690763
260700,43.1051054189833
260800,43.1281771921361
260900,43.0850915502223
261000,43.0615773935457
261100,42.9832133510731
261200,43.0113935720099
261300,42.9813458461066
261400,42.9816171095732
261500,42.8837933028256
261600,42.8730620850514
261700,42.8481088675332
261800,42.8576665755222
261900,42.8656189779033
262000,42.7558071006079
262100,42.6936757307362
262200,42.6930793752001
262300,42.6746663260211
262400,42.5695595913686
262500,42.5188825369058
262600,42.4760867825825
262700,42.4058452291121
262800,42.3472159055495
262900,42.3395699331666
263000,42.3440405144914
263100,42.3346881361325
263200,42.2811076618161
263300,42.2767983494352
263400,42.2939404169013
263500,42.3102400211754
263600,42.3362676573139
263700,42.3615206729779
263800,42.3223252236074
263900,42.3264964798359
264000,42.4007089002219
264100,42.4649424103814
264200,42.5120415931784
264300,42.5542296270859
264400,42.6474097888046
264500,42.7038451418847
264600,42.6623547876128
264700,42.7085271145171
264800,42.753725190961
264900,42.7651561168594
265000,42.725908325241
265100,42.745423675329
265200,42.8042209528288
265300,42.7955732692564
265400,42.6458344328843
265500,42.5920220193201
265600,42.5115977396173
265700,42.4431527328532
265800,42.3930566128108
265900,42.2904804210335
266000,42.2225041266244
266100,42.1102761431925
266200,42.0540772003209
266300,41.9786100079097
266400,41.9024740965155
266500,41.8670038255288
266600,41.8907897965595
266700,41.8659969223861
266800,41.7472076238278
266900,41.7404193778901
267000,41.7601342033336
267100,41.7768887513342
267200,41.7438018002994
267300,41.7340171340125
267400,41.8407130998843
267500,41.9177303240718
267600,41.9831845368611
267700,42.0346683402334
267800,42.0794545090179
267900,42.1425064861457
268000,42.1785924450569
268100,42.2174832643015
268200,42.2383261349797
268300,42.330159168284
268400,42.3796209607728
268500,42.4631909627394
268600,42.5002203285958
268700,42.5872762604122
268800,42.748455938681
268900,42.7722535467679
269000,42.8221723762674
269100,42.8700387652408
269200,42.8824558347621
269300,42.8722620190728
269400,42.8396576324506
269500,42.8444625029978
269600,42.8190159881959
269700,42.7926924227826
269800,42.7788947109861
269900,42.775244194561
270000,42.7622050655448
270100,42.7079619915109
270200,42.649993759794
270300,42.617624166857
270400,42.6605493562196
270500,42.6050857118101
270600,42.5659558043671
270700,42.4751550773318
270800,42.4967178310316
270900,42.4494313372992
271000,42.422151983948
271100,42.3759158687238
271200,42.3548345572399
271300,42.4453863789337
271400,42.4500113109227
271500,42.4420662031999
271600,42.4236552156888
271700,42.4772921823286
271800,42.4890797162513
271900,42.5662158509404
272000,42.5874038486475
272100,42.6632277033124
272200,42.711200057001
272300,42.6994226423696
272400,42.6804970538683
272500,42.6488835067662
272600,42.6551366275252
272700,42.7160349130188
272800,42.6217957831173
272900,42.6804384532245
273000,42.6797649517448
273100,42.6449591785481
273200,42.6417252349053
273300,42.5187643002107
273400,42.4804904833422
273500,42.5064860179101
273600,42.5065555464249
273700,42.4231510556478
273800,42.4215707844447
273900,42.3577257861158
274000,42.376763490087
274100,42.3515413983047
274200,42.3506934048535
274300,42.3102999330919
274400,42.2555472952841
274500,42.29384014128
274600,42.309303675105
274700,42.3194960209152
274800,42.4041820539508
274900,42.3982869878785
275000,42.2957716186203
275100,42.3281856600288
275200,42.3498922433098
275300,42.4343378003456
275400,42.5338374499792
275500,42.4956134006871
275600,42.5305841912996
275700,42.5679447006086
275800,42.5461298888159
275900,42.5109643112421
276000,42.4571483140875
276100,42.476459236745
276200,42.4313429670793
276300,42.5015754670101
276400,42.5855099038898
276500,42.5492327878335
276600,42.5540640979236
276700,42.5484926847713
276800,42.5217471602839
276900,42.5276526294973
277000,42.6454596323516
277100,42.6486786586727
277200,42.6147005355928
277300,42.5700724201126
277400,42.4901487318904
277500,42.4831376420537
277600,42.4826888233477
277700,42.4789168083753
277800,42.5216338026754
277900,42.5087086127373
278000,42.5700124040569
278100,42.5209746459267
278200,42.5551299811183
278300,42.5543224306441
278400,42.556275353875
278500,42.6327280529282
278600,42.7134474299898
278700,42.7021792899403
278800,42.7275710460429
278900,42.7328584007808
279000,42.7327666266265
279100,42.6755104937871
279200,42.6817683957771
279300,42.7017727258167
279400,42.7587336816328
279500,42.8435714597821
279600,42.8695050932389
279700,42.9241552917754
279800,42.9475345305975
279900,42.998291013474
280000,42.9614303554866
280100,43.057486146938
280200,43.0484921556482
280300,42.9843153526559
280400,42.9552971493015
280500,42.9041071127436
280600,42.8355931268946
280700,42.8622196348473
280800,42.8556605130954
280900,42.8345543781626
281000,42.8083084491607
281100,42.8361996224189
281200,42.8717039757953
281300,42.8991409143271
281400,42.9114640421001
281500,42.8654826114693
281600,42.8539453382324
281700,42.7791666563395
281800,42.7260766090124
281900,42.8022435371141
282000,42.8481300888669
282100,42.799092329699
282200,42.8353107509668
282300,42.9178612006069
282400,42.9192160136466
282500,42.8872210883966
282600,42.9043249657701
282700,42.8702252727409
282800,42.7965209120756
282900,42.7282494422228
283000,42.6904606166541
283100,42.6953152576381
283200,42.6403987637745
283300,42.6233323269862
283400,42.5501877836434
283500,42.427975636438
283600,42.3679996000991
283700,42.3554536629043
283800,42.3375522415108
283900,42.277924745668
284000,42.1963232536389
284100,42.1610001242323
284200,42.1292734171111
284300,42.067933995221
284400,42.0738553243276
284500,42.057599790996
284600,41.9972664737412
284700,41.9824292261139
284800,42.0047759249907
284900,42.0673249960549
285000,42.0804311633826
285100,42.1147889473874
285200,42.0954867289115
285300,42.033952207359
285400,42.0700003199765
285500,42.1101625054673
285600,42.0465037242628
285700,42.0334166916807
285800,41.979037464175
285900,42.0114210042787
286000,42.0479355533706
286100,42.0852255433935
286200,42.0975358496958
286300,42.1050134573369
286400,42.1238146124826
286500,42.1926639450352
286600,42.2235302577667
286700,42.2432678066326
286800,42.2977765436206
286900,42.3439913375418
287000,42.4111569304091
287100,42.4240419061205
287200,42.4969191628206
287300,42.6150854729119
287400,42.6487292680882
287500,42.6920527901396
287600,42.8129084795925
287700,42.8861454327061
287800,42.9250396887299
287900,42.8866010127112
288000,42.8707139615616
288100,42.8926140995652
288200,42.885186246712
288300,42.9167750864333
288400,42.8608468043141
288500,42.8219300138857
288600,42.838736526825
288700,42.9153640848378
288800,42.8875264975642
288900,42.8545225283781
289000,42.8161573454393
289100,42.7969856455243
289200,42.7985019392387
289300,42.7677367292756
289400,42.7261024744191
289500,42.7355397562818
289600,42.7523714507231
289700,42.6926147165348
289800,42.7605634891132
289900,42.7619257848125
290000,42.8186548757752
290100,42.7676861119794
290200,42.7630370249286
290300,42.7399176470946
290400,42.7525946090768
290500,42.758279703034
290600,42.7812950522402
290700,42.7520591180391
290800,42.7835236961885
290900,42.7045347664077
291000,42.6850558326321
291100,42.6499122393049
291200,42.6071283542402
291300,42.5691112448495
291400,42.5242741083492
291500,42.5057395273531
291600,42.4372506151132
291700,42.4400999985472
291800,42.4192996946114
291900,42.443621660623
292000,42.4552541624552
292100,42.5371745022143
292200,42.6140440648325
292300,42.6552300789285
292400,42.6824181883713
292500,42.737143719278
292600,42.7275068686869
292700,42.7200566902225
292800,42.6705067899281
292900,42.7274041269826
293000,42.7534244200769
293100,42.795339712754
293200,42.8138653374061
293300,42.8358539696845
293400,42.9020502160723
293500,42.9577154155532
293600,42.9847033523424
293700,43.0418745664883
293800,43.083216491918
293900,43.0789432388703
294000,43.0930307920557
294100,43.0578559663276
294200,43.0181533643339
294300,42.989313238324
294400,42.9722558419627
294500,42.9731095225644
294600,42.9797247482661
294700,42.9820156470366
294800,43.0243987369699
294900,43.0381521570562
295000,43.0527365143571
295100,43.0415144873357
295200,42.9871395103214
295300,42.9696843831992
295400,42.9984937459828
295500,42.9664081186751
295600,42.9846201966356
295700,42.9249516243711
295800,42.9456809563325
295900,42.8972304892456
296000,42.8538205451803
296100,42.813468212855
296200,42.8330523480345
296300,42.7814289992297
296400,42.7416068423806
296500,42.6482044727351
296600,42.6026444533961
296700,42.5306557411791
296800,42.4502501746588
296900,42.4330803473847
297000,42.3797144182243
297100,42.3715572623874
297200,42.4369032614738
297300,42.4116817697191
297400,42.3762707284675
297500,42.3893846966124
297600,42.3700613048087
297700,42.4399078157344
297800,42.4010023260906
297900,42.4092623098696
298000,42.3893501766244
298100,42.4211256155122
298200,42.4279669267886
298300,42.4465609060732
298400,42.4905275598776
298500,42.5309627375456
298600,42.5264789581009
298700,42.5876900811875
298800,42.6297787517321
298900,42.6481838777479
299000,42.6974516454388
299100,42.6982406205864
299200,42.6674222773811
299300,42.6889630078853
299400,42.6650573595978
299500,42.6456200389691
299600,42.652522918725
299700,42.6014841757424
299800,42.5720798914399
299900,42.6124533033729
300000,42.6068112765506
300100,42.6389184003621
300200,42.5625501987907
300300,42.6035148987141
300400,42.627242026537
300500,42.6555646825285
300600,42.6950735964176
300700,42.6511769404334
300800,42.6447080004439
300900,42.6210606524876
301000,42.6169432812438
301100,42.6236475578987
301200,42.633259185127
301300,42.6589378262696
301400,42.7157608481041
301500,42.7227509249789
301600,42.7336213898209
301700,42.7026281260602
301800,42.6148549325984
301900,42.5680884691344
302000,42.5510209875925
302100,42.4994432052743
302200,42.5241172581482
302300,42.4948127526839
302400,42.4368204166229
302500,42.3754345975691
302600,42.3445715557389
302700,42.3530991119347
302800,42.3950016786565
302900,42.4144858831646
303000,42.4366028212384
303100,42.4719476597445
303200,42.4615395149046
303300,42.4811711933259
303400,42.4634759336483
303500,42.4724383399762
303600,42.4228146928075
303700,42.502046344126
303800,42.6089595679929
303900,42.6454593711608
304000,42.6187324904022
304100,42.5984886214728
304200,42.5596660212933
304300,42.5340065947273
304400,42.4754570773484
304500,42.4644295644965
304600,42.4381716451664
304700,42.417427371052
304800,42.3635390575887
304900,42.3346868044501
305000,42.3334626583067
305100,42.2855165689515
305200,42.337824536699
305300,42.3476601635273
305400,42.3396584710452
305500,42.3168608399701
305600,42.3302401134743
305700,42.2554656946747
305800,42.2350237652152
305900,42.2181508566914
306000,42.2127726261628
306100,42.2375525608489
306200,42.2517213350394
306300,42.2929284085856
306400,42.3325728477549
306500,42.3476833520529
306600,42.3950449947899
306700,42.4527945224925
306800,42.5000515001186
306900,42.5333611745255
307000,42.5745639683437
307100,42.6352311035701
307200,42.591561137201
307300,42.5527400078661
307400,42.5321232764695
307500,42.5385436180959
307600,42.5413002654974
307700,42.57680463495
307800,42.6384895830625
307900,42.6546090861453
308000,42.7017098050974
308100,42.7346719089424
308200,42.7656597982388
308300,42.7330225345647
308400,42.7587989897059
308500,42.7454893887063
308600,42.676059128941
308700,42.6045962108305
308800,42.5000476820203
308900,42.4859222424144
309000,42.3740674656145
309100,42.3147433010945
309200,42.3196361463493
309300,42.2864545608143
309400,42.2248209535561
309500,42.2075489641784
309600,42.2365675778883
309700,42.2459774887751
309800,42.1958420314532
309900,42.1451802321932
310000,42.106830633871
310100,42.0623001590919
310200,42.0635606618238
310300,42.0490111006812
310400,42.0719824940924
310500,42.0830905907535
310600,42.1586309133509
310700,42.2248066412765
310800,42.3359407469891
310900,42.379750072468
311000,42.4423388766374
311100,42.4930999419524
311200,42.5315300744682
311300,42.6227636810354
311400,42.7839747146413
311500,42.8745231987768
311600,42.8848937966799
311700,42.857394867961
311800,42.870017362816
311900,42.9051245100769
312000,42.9558905402827
312100,42.9724793124941
312200,42.9611314232173
312300,42.96562230509
312400,42.9532104489949
312500,42.9904711782551
312600,42.9749538409515
312700,42.9701800951827
312800,42.9830887222129
312900,42.9832386495218
313000,42.9821724344312
313100,42.9747256146065
313200,42.9527595842865
313300,42.9365186653867
313400,42.8898052199695
313500,42.9009735283649
313600,42.8911078490764
313700,42.9783549900868
313800,43.0488368522926
313900,43.101943172519
314000,43.1358395378923
314100,43.1962500930066
314200,43.2589811677597
314300,43.2991569113424
314400,43.354530545272
314500,43.3535089317876
314600,43.3751607158581
314700,43.4014604923135
314800,43.3388022030496
314900,43.2938532997239
315000,43.2851008484683
315100,43.283432268919
315200,43.2793848736136
315300,43.2505366655995
315400,43.2375771056113
315500,43.1908650407216
315600,43.1625975193988
315700,43.1524705038499
315800,43.1050207104467
315900,43.0267020908667
316000,42.9448534241978
316100,42.8872043023208
316200,42.8448346695679
316300,42.8175110550626
316400,42.7533934370876
316500,42.722734811424
316600,42.6805520470644
316700,42.6010773855994
316800,42.5480850214166
316900,42.4218272613065
317000,42.418462643249
317100,42.4227718412992
317200,42.3965736782369
317300,42.3766894314844
317400,42.3388969132037
317500,42.3303414895131
317600,42.3802704881343
317700,42.392423072366
317800,42.3831888770311
317900,42.4375655297933
318000,42.5112339266768
318100,42.5440757512406
318200,42.5673478068719
318300,42.596154567889
318400,42.6401516535164
318500,42.6795052046688
318600,42.7121900806796
318700,42.7599745043485
318800,42.8765188935564
318900,43.0148095553223
319000,43.0286442232858
319100,43.0680217306064
319200,43.051641615815
319300,43.1086156872431
319400,43.1767170617748
319500,43.1737586321736
319600,43.1444438371841
319700,43.090569377372
319800,43.1212548476613
319900,43.1266235986069
320000,43.1489400575454
320100,43.1518050965749
320200,43.1218701369967
320300,43.1188764316822
320400,43.1328034675465
320500,43.012273176843
320600,42.9684707753847
320700,42.9332129337147
320800,42.8816688906658
320900,42.902912719601
321000,42.9150578858539
321100,42.8744732582333
321200,42.909048495656
321300,42.7542014346741
321400,42.6703219115543
321500,42.6451638536173
321600,42.6261799215355
321700,42.5800595988265
321800,42.4971152364198
321900,42.4783173979098
322000,42.4351703775409
322100,42.4063283487429
322200,42.3902734584576
322300,42.3697116782079
322400,42.2870625232443
322500,42.3428996584744
322600,42.3640504895289
322700,42.3658485114238
322800,42.3287913968947
322900,42.3152242316179
323000,42.2745845568285
323100,42.1205668913218
323200,41.9855542654521
323300,42.0261022818765
323400,42.0782541449265
323500,42.0444275036429
323600,42.0767955507959
323700,42.1327671574311
323800,42.1969127171795
323900,42.2182409658117
324000,42.2361670464482
324100,42.2547056979013
324200,42.2683652807583
324300,42.2878721728354
324400,42.3298731159555
324500,42.3869483872489
324600,42.3973687911845
324700,42.3608150256619
324800,42.4110675841594
324900,42.3952261874728
325000,42.4429946750257
325100,42.6172761717621
325200,42.7346293858301
325300,42.7134783627501
325400,42.6856182339766
325500,42.7228271849179
325600,42.7201252931418
325700,42.7252082870163
325800,42.7267805216129
325900,42.750917272812
326000,42.7506854422223
326100,42.755230354316
326200,42.8095771885128
326300,42.8102805065337
326400,42.8203598246099
326500,42.840514047823
326600,42.817261236823
326700,42.810342288015
326800,42.7957461358275
326900,42.805836217808
327000,42.7845690824387
327100,42.7953351863276
327200,42.8263760161649
327300,42.9191612143973
327400,42.9825200538939
327500,43.0151333304724
327600,42.9960851404025
327700,42.9612718803469
327800,42.9386293289017
327900,42.8791793364932
328000,42.8986757927352
328100,42.9143612449591
328200,42.9161086977654
328300,42.8896738393894
328400,42.8702898456472
328500,42.8513501535138
328600,42.8744391110766
328700,42.8524951027133
328800,42.7682210872549
328900,42.714647437306
329000,42.7382974002517
329100,42.724446822505
329200,42.6864646865785
329300,42.7085305267727
329400,42.6391575578751
329500,42.6359870390675
329600,42.6437181500002
329700,42.6566359441767
329800,42.6767132192724
329900,42.7374818927606
330000,42.7338363889829
330100,42.7987879286172
330200,42.7951958458194
330300,42.8573130376234
330400,42.954749082747
330500,42.9763725009709
330600,43.0122969211009
330700,43.1145686527867
330800,43.2495195534537
330900,43.3724644991007
331000,43.4145617315501
331100,43.4212898355832
331200,43.4469408779384
331300,43.4247993791164
331400,43.5546254454791
331500,43.5901109217647
331600,43.6359660498854
331700,43.7191580992459
331800,43.7646867649923
331900,43.7227043175143
332000,43.7226601217119
332100,43.6476850726783
332200,43.5884304773577
332300,43.5819775819283
332400,43.491730493694
332500,43.4607747772628
332600,43.446351684981
332700,43.4364046847883
332800,43.3944075644119
332900,43.3199765690224
333000,43.2979121358049
333100,43.361120926208
333200,43.3697007365684
333300,43.3792506093109
333400,43.2880907983055
333500,43.2528227571295
333600,43.2170335130767
333700,43.1563655651015
333800,43.1222518391913
333900,43.08557565893
334000,43.0503689590308
334100,43.0231094668278
334200,42.9900594705904
334300,42.8719296373381
334400,42.7888302456847
334500,42.7239456702683
334600,42.7303799504826
334700,42.7129489251711
334800,42.6822049062962
334900,42.6878817434212
335000,42.6303373561264
335100,42.5384108001734
335200,42.5446790760328
335300,42.5577743914707
335400,42.5576302952967
335500,42.5509434217394
335600,42.5347447222484
335700,42.4793135325786
335800,42.4758251748452
335900,42.4793842209122
336000,42.5102037287844
336100,42.53805351479
336200,42.550867102247
336300,42.5919037428794
336400,42.6538772090664
336500,42.6789096167587
336600,42.661423038225
336700,42.6709311633517
336800,42.6900470570364
336900,42.7087142504051
337000,42.6960056316458
337100,42.7180283541449
337200,42.7713058343888
337300,42.7031622334467
337400,42.7088841553932
337500,42.6945584064667
337600,42.6580441679888
337700,42.711946831473
337800,42.7074771790142
337900,42.7881747972187
338000,42.7755964517598
338100,42.7663268628124
338200,42.8311084545783
338300,42.9321794978343
338400,42.9785324016605
338500,43.0403950802554
338600,43.0617937390163
338700,43.1063358661959
338800,43.1953745072771
338900,43.2060843010862
339000,43.2684797843199
339100,43.3247845344521
339200,43.2993165417449
339300,43.3917358467879
339400,43.3754606870086
339500,43.4518877195473
339600,43.5725989917541
339700,43.5812392034467
339800,43.5896084186534
339900,43.5434424464867
340000,43.5296307647581
340100,43.5189523749645
340200,43.4977884172981
340300,43.4362530521966
340400,43.4640729389168
340500,43.4866229570298
340600,43.5346561560195
340700,43.5402969210592
340800,43.4734505297445
340900,43.4445212942407
341000,43.3297075166253
341100,43.2344050029167
341200,43.1987706602309
341300,43.1678710287869
341400,43.1743103984615
341500,43.1395518283481
341600,43.0800776462144
341700,43.0403613341855
341800,43.0230575401875
341900,43.0566857236659
342000,43.099694179004
342100,43.144129022893
342200,43.2073189155972
342300,43.2103868582301
342400,43.1749191034028
342500,43.1166489827477
342600,43.01824934044
342700,42.9488755841812
342800,42.9670470793459
342900,42.9547947815049
343000,43.0500780529544
343100,43.0617450512063
343200,43.082704534533
343300,43.0629142713941
343400,43.0866710864725
343500,43.0660279655117
343600,43.0932377797941
343700,43.1369881917985
343800,43.146856364096
343900,43.0898290071519
344000,43.0579056285449
344100,42.9986009226749
344200,42.9197199738969
344300,42.9065506334647
344400,42.8935368966449
344500,42.8761725951466
344600,42.9014596084793
344700,42.9453408648543
344800,42.9697219636168
344900,43.0034907124217
345000,43.0151537676171
345100,42.986775973359
345200,42.9776487666667
345300,43.0271758101319
345400,43.000520615886
345500,43.02042810297
345600,42.9403156164909
345700,42.8801243297895
345800,42.8905372973644
345900,42.8455616856495
346000,42.781981687246
346100,42.7957963074178
346200,42.7935699035859
346300,42.7714021530052
346400,42.7440817961722
346500,42.7746382729411
346600,42.7814162101547
346700,42.7226436044304
346800,42.7177114257677
346900,42.7393112012013
347000,42.7105184719
347100,42.7407529803498
347200,42.7762753704894
347300,42.6927523937705
347400,42.666178611244
347500,42.5908636159564
347600,42.6117461712081
347700,42.6605641505197
347800,42.5747528132613
347900,42.600806813623
348000,42.654365548753
348100,42.6521884556643
348200,42.6976558761922
348300,42.7364208773525
348400,42.7618046828922
348500,42.7660712994324
348600,42.7382783827535
348700,42.8049087538058
348800,42.7865060955692
348900,42.7470366685805
349000,42.7215524594778
349100,42.6836784958002
349200,42.5942928313189
349300,42.6172911167765
349400,42.5792161201594
349500,42.6072254692546
349600,42.6249064714783
349700,42.5342761995368
349800,42.5977384873363
349900,42.5702842355329
350000,42.539275451623
350100,42.5002873555756
350200,42.4799698656133
350300,42.44701426261
350400,42.4809722487922
350500,42.4488320402123
350600,42.5038329842762
350700,42.5063424062194
350800,42.4868694145765
350900,42.5188428337814
351000,42.4814459994734
351100,42.4875426369593
351200,42.5055370122147
351300,42.5201396272135
351400,42.562196600458
351500,42.5471365910395
351600,42.5208183187291
351700,42.5476879923239
351800,42.5141318491097
351900,42.5080737164718
352000,42.5034539684249
352100,42.5405598233084
352200,42.5106964254054
352300,42.436119962941
352400,42.3317322321319
352500,42.3122290755224
352600,42.2330963076995
352700,42.2380111738686
352800,42.2167838928965
352900,42.1981045336071
353000,42.286655140897
353100,42.3029137457817
353200,42.3576249671994
353300,42.3843065863246
353400,42.3773625581809
353500,42.4214637612235
353600,42.4570598754068
353700,42.5710101967471
353800,42.6372098143344
353900,42.694815168047
354000,42.7350442666167
354100,42.7529592293434
354200,42.7941734065271
354300,42.9565529828309
354400,43.0624786629297
354500,43.1310806578868
354600,43.2254446920264
354700,43.2305250974022
354800,43.3064463928332
354900,43.3534893731295
355000,43.3663000369844
355100,43.4220569938481
355200,43.4404157166374
355300,43.4678334685678
355400,43.5470959834226
355500,43.5897749870646
355600,43.6527176011435
355700,43.6066916842249
355800,43.5763331109378
355900,43.5770827533052
356000,43.5893858343904
356100,43.6342200158559
356200,43.6192355504799
356300,43.5231793867747
356400,43.5222698573386
356500,43.5061383883205
356600,43.5442213326569
356700,43.5640137131258
356800,43.5801968007682
356900,43.5617466065689
357000,43.5759974541395
357100,43.6217790177665
357200,43.6644426308341
357300,43.6778130729249
357400,43.6393442598544
357500,43.6399835963403
357600,43.5754368600786
357700,43.5720345494464
357800,43.6050918932788
357900,43.5962038775391
358000,43.6309053155529
358100,43.5757451062743
358200,43.55355864963
358300,43.5827900798991
358400,43.5149079324774
358500,43.4933593984776
358600,43.3808526929338
358700,43.3352259859723
358800,43.315005001894
358900,43.2332909668222
359000,43.1783186892494
359100,43.0945460142437
359200,42.9852121595805
359300,42.9234243367946
359400,42.9348126529207
359500,42.8529303489041
359600,42.8346151087084
359700,42.8282451062638
359800,42.8027348149986
359900,42.7796543225582
360000,42.7696848116612
360100,42.7255840460018
360200,42.7148006069375
360300,42.6779060385081
360400,42.7316829695032
360500,42.7252727202419
360600,42.7696999562491
360700,42.7752181813494
360800,42.742819705001
360900,42.7783542419179
361000,42.8174860164908
361100,42.8504945830123
361200,42.9163002812516
361300,42.9608915669783
361400,42.9500051851441
361500,43.0174601598572
361600,43.0478049498337
361700,43.0746722901065
361800,43.0779759287812
361900,43.1140553371332
362000,43.102847389097
362100,43.1434905011818
362200,43.1730314459664
362300,43.2443805558794
362400,43.2387636787293
362500,43.2140474676798
362600,43.1999575031329
362700,43.1906622473896
362800,43.1638074148036
362900,43.2350284340431
363000,43.2280632513396
363100,43.2281273238531
363200,43.2332998638094
363300,43.1910874290369
363400,43.188220186504
363500,43.1515228258599
363600,43.1291560226222
363700,43.0613392619392
363800,43.0465122872627
363900,43.0061534621282
364000,42.9842192303824
364100,42.9477049574438
364200,42.9048970620383
364300,42.8479130715205
364400,42.791883932031
364500,42.8125344978869
364600,42.8410976744
364700,42.8450500829378
364800,42.8902638238172
364900,42.8514800757702
365000,42.7799948114185
365100,42.7322783776401
365200,42.6979573040818
365300,42.6930428642498
365400,42.6725737210384
365500,42.67224375526
365600,42.6712096235872
365700,42.615223790604
365800,42.5857895977498
365900,42.6004455750475
366000,42.6440027621501
366100,42.6674442715607
366200,42.6495037628937
366300,42.6053477025416
366400,42.5748532528879
366500,42.5286478709552
366600,42.4993976627331
366700,42.4611442268659
366800,42.40609310232
366900,42.3806372897308
367000,42.4126028905937
367100,42.416300694473
367200,42.4534949965419
367300,42.4497678050862
367400,42.4905455935304
367500,42.5155936838052
367600,42.4943955459138
367700,42.5602034027996
367800,42.5831127052508
367900,42.5369491243644
368000,42.4369506601891
368100,42.3905950972694
368200,42.3671341412296
368300,42.3824120993432
368400,42.3641628196473
368500,42.322719396124
368600,42.2707403514347
368700,42.29100340204
368800,42.3091400044546
368900,42.2876070005439
369000,42.2675183791003
369100,42.2652591189332
369200,42.2679975474616
369300,42.2684042420749
369400,42.289372440804
369500,42.2664719883753
369600,42.2516166793699
369700,42.228359646052
369800,42.161530493545
369900,42.1629097432144
370000,42.2271864296331
370100,42.2521859437615
370200,42.2985759008377
370300,42.3010094810708
370400,42.3333725820322
370500,42.4110824091632
370600,42.4221372177846
370700,42.3628473653309
370800,42.3419775085681
370900,42.3492182925041
371000,42.4213210669857
371100,42.4715618587168
371200,42.4424664154663
371300,42.4694220144868
371400,42.4179576222418
371500,42.4139695769851
371600,42.4394144136764
371700,42.4781663800938
371800,42.5179493246326
371900,42.5362899068428
372000,42.5182355800907
372100,42.5192880316489
372200,42.5110654433828
372300,42.5058582609701
372400,42.5595440263087
372500,42.5558753685962
372600,42.6064156332597
372700,42.6604559263418
372800,42.7074483107508
372900,42.7056752718055
373000,42.7015694956828
373100,42.6870346726527
373200,42.7009514739756
373300,42.689223687834
373400,42.7198302559088
373500,42.7694617271824
373600,42.7969577941939
373700,42.7926812678216
373800,42.834649446887
373900,42.8965396223587
374000,42.9384740901133
374100,42.9824789338668
374200,43.0532898911257
374300,43.1485024645938
374400,43.1868622159896
374500,43.2127162959696
374600,43.2373363613964
374700,43.2900686116955
374800,43.2912706261822
374900,43.3711023813998
375000,43.2815681250669
375100,43.2579110313485
375200,43.2460961552838
375300,43.2621113514826
375400,43.2008958980613
375500,43.1449251902231
375600,43.0698869499172
375700,43.0659423621361
375800,43.0246519982349
375900,43.0069805802324
376000,42.9266169799527
376100,42.8825324376829
376200,42.7640918186588
376300,42.677414846868
376400,42.5841008329768
376500,42.6082938262464
376600,42.5999328142297
376700,42.6116443191184
376800,42.6130975900864
376900,42.5958867405237
377000,42.6996344505576
377100,42.7800553082577
377200,42.7851194819818
377300,42.8278082902726
377400,42.8657028672907
377500,42.857238569697
377600,42.9545450009484
377700,42.9360291778882
377800,43.0031504254426
377900,43.0501038620009
378000,43.1529584095254
378100,43.2546427393209
378200,43.3657171654989
378300,43.4375170395136
378400,43.4804916390869
378500,43.465158586531
378600,43.4573597511008
378700,43.428449526877
378800,43.4407484634743
378900,43.4424773161163
379000,43.4138024535384
379100,43.3718228462642
379200,43.3920051165974
379300,43.3778120384124
379400,43.4437522831378
379500,43.4462774561266
379600,43.4105808101402
379700,43.487546660072
379800,43.5556920373578
379900,43.5609643755946
380000,43.555125983092
380100,43.5838796350337
380200,43.5983912524771
380300,43.6457180622228
380400,43.7230722791167
380500,43.7454622313743
380600,43.7941566946237
380700,43.8086434591552
380800,43.8097899188435
380900,43.7942623753894
381000,43.7471638749063
381100,43.6717066123758
381200,43.6431380925108
381300,43.5600666271895
381400,43.510886323469
381500,43.5403457066354
381600,43.5543902725162
381700,43.5442026731857
381800,43.4989987646402
381900,43.4670880361591
382000,43.3761388322045
382100,43.3270030917269
382200,43.2977417826285
382300,43.2919213431866
382400,43.3056337511723
382500,43.3014038468331
382600,43.2609978098109
382700,43.2799219089146
382800,43.2741551407068
382900,43.3351070772757
383000,43.3944516474736
383100,43.4644920176527
383200,43.4609377921509
383300,43.6047358889227
383400,43.6116660073442
383500,43.6395964539265
383600,43.6000607455299
383700,43.5672357962082
383800,43.5523374497697
383900,43.5099290523764
384000,43.5692098160598
384100,43.5621407140949
384200,43.5848411833849
384300,43.5369375362836
384400,43.4212433383507
384500,43.3338300070985
384600,43.2365471686142
384700,43.0313136567503
384800,43.0455098849728
384900,42.9332767929881
385000,42.875537936296
385100,42.8090208847241
385200,42.8182648425095
385300,42.7271170828016
385400,42.753045257222
385500,42.6961912504023
385600,42.7352612162849
385700,42.7383902429742
385800,42.7395269493064
385900,42.7781321865635
386000,42.7753535717965
386100,42.6857433061806
386200,42.6263436006578
386300,42.5826510280831
386400,42.625333471417
386500,42.645247418174
386600,42.7403850330766
386700,42.8636852774019
386800,42.8664151573317
386900,42.8553332360868
387000,42.8879579479691
387100,42.9184487163327
387200,42.9154041495322
387300,42.9079242982112
387400,42.8242933485927
387500,42.8391160898622
387600,42.7386261282644
387700,42.6997346794267
387800,42.597771474051
387900,42.5487152357761
388000,42.5427934338463
388100,42.5350216218125
388200,42.5139196521818
388300,42.491583559888
388400,42.4886510690506
388500,42.4593027843912
388600,42.3905207224507
388700,42.3911294207887
388800,42.3473689086938
388900,42.3224080080392
389000,42.2619067399918
389100,42.2502016051102
389200,42.2511090749998
389300,42.2718909884105
389400,42.3025581373285
389500,42.2629364448297
389600,42.2858067363752
389700,42.2703739742873
389800,42.3387379526759
389900,42.3023400295664
390000,42.2664390365511
390100,42.3014523359735
390200,42.3067874204356
390300,42.2991231961614
390400,42.2729485812554
390500,42.280020873346
390600,42.355304178184
390700,42.3831419340279
390800,42.3687848512861
390900,42.4511921563846
391000,42.4594477826629
391100,42.4614312762235
391200,42.4373594450895
391300,42.3354291218415
391400,42.2431959625915
391500,42.2324586166688
391600,42.2140188865433
391700,42.2593061631388
391800,42.229522399848
391900,42.1675402593941
392000,42.1404971228033
392100,42.1044526237652
392200,42.1321192569802
392300,42.1412515031725
392400,42.1184484440267
392500,42.1252293504635
392600,42.0790575043085
392700,42.085808445904
392800,42.1069267557307
392900,42.0673973078934
393000,42.1019821164936
393100,42.0886921301759
393200,42.0825402461645
393300,42.1533388142873
393400,42.2286866791543
393500,42.2692146858884
393600,42.2954724852447
393700,42.2743540103702
393800,42.2993302930983
393900,42.3529176973218
394000,42.4131593902645
394100,42.4468034504226
394200,42.4410619291029
394300,42.4373924313665
394400,42.5157095307011
394500,42.5488571735829
394600,42.5176163255506
394700,42.4685208070703
394800,42.452177060035
394900,42.4518531089182
395000,42.4130726913053
395100,42.3800135608106
395200,42.3912354573096
395300,42.4025826358811
395400,42.3473308692251
395500,42.3160447232951
395600,42.2954852823088
395700,42.216513327466
395800,42.1880824282266
395900,42.1636464088097
396000,42.058383447769
396100,42.0370305482616
396200,42.0321021698143
396300,42.0363468305147
396400,42.0089105284499
396500,41.9516447027952
396600,41.9578537802148
396700,41.9390297940985
396800,41.9541860261856
396900,41.9237946145859
397000,41.9277262497937
397100,41.9273179403523
397200,41.9492245041465
397300,41.9775114121528
397400,42.0595587391393
397500,42.0865857678193
397600,42.1457419911889
397700,42.2260926899711
397800,42.243570485431
397900,42.2833209735335
398000,42.389500271912
398100,42.4330986362231
398200,42.428919930848
398300,42.4423529747018
398400,42.399175615979
398500,42.3975445934339
398600,42.4027964975679
398700,42.4684660062185
398800,42.4493973634977
398900,42.475802088272
399000,42.4016088527066
399100,42.4113551935466
399200,42.315003885801
399300,42.1987284618842
399400,42.1223668505326
399500,42.1143799115354
399600,42.0744279186251
399700,42.1055927692865
399800,42.058869569729
399900,42.0394382146497
400000,42.0046108806289
